SET IDENTITY_INSERT [dbo].[Article] ON

INSERT [dbo].[Article] ([ArticleID], [ArticleName], [Alias], [DescriptShort], [BlogID], [Images], [Author], [Content], [MetaTitle], [MetaKeyword], [MetaDescription], [News_hot], [CreatedAt], [Status]) VALUES (8, N'Giải pháp cung cấp phần mềm Quản lý hóa đơn điện tử được Công ty Cổ phần Phần mềm kế toán doanh nghiệp Việt Nam Chuyển giao và Phát triển', N'giai-phap-cung-cap-phan-mem-quan-ly-hoa-don-dien-tu-duoc-cong-ty-co-phan-phan-mem-ke-toan-doanh-nghiep-viet-nam-chuyen-giao-va-phat-trien', NULL, 1, N'/Upload/ImageDes/files/about-img1.jpg', N'Admin', N'<div class="item-short" style="box-sizing: border-box; font-weight: bold; line-height: 22px; font-size: 15px; color: rgb(68, 68, 68); font-family: MyriadPro;">
<p style="box-sizing: border-box; margin: 0px; padding: 5px 0px; text-align: justify;">Phần mềm hỗ trợ quản l&yacute; c&aacute;c h&igrave;nh thức h&oacute;a đơn như: H&oacute;a đơn Tự in, H&oacute;a đơn đặt in, H&oacute;a đơn điện tử (th&ocirc;ng tư 32) v&agrave; H&oacute;a đơn x&aacute;c thực của Tổng Cục thuế (TCT) với c&aacute;c mẫu quy định của cơ quan thuế như: H&oacute;a đơn gi&aacute; trị gia tăng, H&oacute;a đơn b&aacute;n h&agrave;ng, Phiếu xuất kho ki&ecirc;m vận chuyển nội bộ, Phiếu xuất kho h&agrave;ng gửi b&aacute;n đại l&yacute;, Ho&aacute; đơn b&aacute;n h&agrave;ng (d&agrave;nh cho tổ chức, c&aacute; nh&acirc;n trong khu phi thuế quan)</p>

<p style="box-sizing: border-box; margin: 0px; padding: 5px 0px;">&nbsp;</p>
</div>

<div class="item-content" style="box-sizing: border-box; line-height: 22px; font-size: 15px; padding: 25px 0px 35px; color: rgb(68, 68, 68); font-family: MyriadPro;">
<p style="box-sizing: border-box; margin: 0px; padding: 5px 0px; max-width: 100%;">&nbsp;</p>

<p style="box-sizing: border-box; margin: 0px; padding: 5px 0px; max-width: 100%;">AsiaSoft với đội ngũ kỹ sư đ&ocirc;ng đảo, am hiểu nghiệp vụ v&agrave; c&ocirc;ng nghệ, phục vụ kh&aacute;ch h&agrave;ng ở 3 miền đất nước, đ&atilde; v&agrave; đang khẳng định vị thế của m&igrave;nh tr&ecirc;n thị trường. AsiaSoft lu&ocirc;n cam kết mang đến cho kh&aacute;ch h&agrave;ng những dịch vụ v&agrave; giải ph&aacute;p tốt nhất với chi ph&iacute; đầu tư hợp l&yacute; nhất cho mọi doanh nghiệp tại thị trường Việt Nam.</p>

<p style="box-sizing: border-box; margin: 0px; padding: 5px 0px; max-width: 100%;">Một số d&ograve;ng sản phẩm ch&iacute;nh của AsiaSoft: Phần mềm kế to&aacute;n Simba Accounting, phần mềm kế to&aacute;n Asia Standard, Phần mềm quản trị doanh nghiệp Asia Enterprise&hellip;</p>

<p style="box-sizing: border-box; margin: 0px; padding: 5px 0px; max-width: 100%;">* Phần mềm kế to&aacute;n Simba Accounting &ndash; một phi&ecirc;n bản đ&oacute;ng g&oacute;i của AsiaSoft, được thiết kế d&agrave;nh cho c&aacute;c doanh nghiệp vừa v&agrave; nhỏ với mục ti&ecirc;u gi&uacute;p doanh nghiệp tiết kiệm chi ph&iacute;, giảm&nbsp;thiểu&nbsp;những thủ tục kh&ocirc;ng cần thiết, đơn giản h&oacute;a v&agrave; l&agrave;m gọn nhẹ c&ocirc;ng t&aacute;c kế to&aacute;n.</p>

<p style="box-sizing: border-box; margin: 0px; padding: 5px 0px; max-width: 100%;">* Asia Standard l&agrave; phần mềm kế to&aacute;n quản trị chỉnh sửa theo y&ecirc;u cầu quản l&yacute; đặc th&ugrave; của doanh nghiệp. Asia Standard được ph&aacute;t triển v&agrave; ho&agrave;n thiện li&ecirc;n tục từ năm 2001.</p>

<p style="box-sizing: border-box; margin: 0px; padding: 5px 0px; max-width: 100%;">&nbsp;* Asia Enterprise l&agrave; hệ thống phần mềm quản l&yacute; tổng thể gi&uacute;p cho doanh nghiệp quản l&yacute; c&aacute;c hoạt động chủ chốt của m&igrave;nh theo một quy tr&igrave;nh thống nhất, từ: kế to&aacute;n, ph&acirc;n t&iacute;ch t&agrave;i ch&iacute;nh, quản l&yacute; mua h&agrave;ng, quản l&yacute; tồn kho, hoạch định v&agrave; quản l&yacute; sản xuất, quản l&yacute; hậu cần, quản l&yacute; quan hệ với kh&aacute;ch h&agrave;ng, v.v...&nbsp;</p>

<p style="box-sizing: border-box; margin: 0px; padding: 5px 0px; max-width: 100%;"><img alt="" src="http://asiasoft.com.vn/uploads/news/2017_02/100_f3f4a85c82bfb17da0999c96b4cc7ae4.png" style="box-sizing: border-box; margin: 0px; padding: 0px; border: none; max-width: 100%; height: auto !important;" /></p>

<p style="box-sizing: border-box; margin: 0px; padding: 5px 0px; max-width: 100%;">Mục ti&ecirc;u tổng qu&aacute;t của hệ thống n&agrave;y l&agrave; đảm bảo c&aacute;c nguồn lực t&iacute;ch hợp của doanh nghiệp như nh&acirc;n lực, vật tư, m&aacute;y m&oacute;c v&agrave; tiền bạc c&oacute; sẵn với số lượng đủ khi cần, bằng c&aacute;ch sử dụng c&aacute;c c&ocirc;ng cụ hoạch định v&agrave; l&ecirc;n kế hoạch. N&oacute; cho ph&eacute;p doanh nghiệp cung cấp v&agrave; tổng hợp số liệu của nhiều hoạt động ri&ecirc;ng rẽ kh&aacute;c nhau để đạt được mục ti&ecirc;u tr&ecirc;n. Asia Enterprise được thiết kế để triển khai v&agrave; &aacute;p dụng cho nhiều loại h&igrave;nh v&agrave; quy m&ocirc; của doanh nghiệp, với c&aacute;c m&ocirc; h&igrave;nh v&agrave; quy m&ocirc; doanh nghiệp kh&aacute;c nhau chỉ cần thay đổi c&aacute;c th&ocirc;ng số đặt sẵn cho ph&ugrave; hợp với thực tế.</p>

<p style="box-sizing: border-box; margin: 0px; padding: 5px 0px; max-width: 100%;">Phần mềm Quản trị doanh nghiệp Asia Enterprise lần thứ năm được vinh dự nhận danh hiệu Sao Khu&ecirc; cho Phần mềm xuất sắc trong lĩnh vực K&ecirc;́ to&aacute;n, t&agrave;i ch&iacute;nh doanh nghi&ecirc;̣p. Phần mềm Asia Enterprise được AsiaSoft nghi&ecirc;n cứu v&agrave; ph&aacute;t triển từ năm 2005, với c&ocirc;ng nghệ hiện đại, khả năng t&ugrave;y biến mềm dẻo, c&ocirc;ng cụ kiểm so&aacute;t v&agrave; khai th&aacute;c dữ liệu chặt chẽ, Asia Enterprise đ&atilde; v&agrave; đang được nhiều kh&aacute;ch h&agrave;ng tr&ecirc;n cả nước lựa chọn v&agrave; tin tưởng.</p>

<p style="box-sizing: border-box; margin: 0px; padding: 5px 0px; max-width: 100%;"><img alt="" class="cke-resize" src="http://asiasoft.com.vn/uploads/news/2017_02/1(1)_c114fb0279ce71e1503fb4d2c63d391c.jpg" style="box-sizing: border-box; margin: 0px; padding: 0px; border: none; max-width: 100%; height: auto !important;" /></p>

<p style="box-sizing: border-box; margin: 0px; padding: 5px 0px; max-width: 100%;">Hơn 15 năm x&acirc;y dựng v&agrave; ph&aacute;t triển, AsiaSoft đ&atilde; cung cấp giải ph&aacute;p quản trị doanh nghiệp cho hơn 5000 kh&aacute;ch h&agrave;ng tr&ecirc;n to&agrave;n quốc. Trong đ&oacute; c&oacute; nhiều kh&aacute;ch h&agrave;ng l&agrave; những doanh nghiệp c&oacute; uy t&iacute;n v&agrave; quy m&ocirc; lớn, thuộc nhiều lĩnh vực sản xuất kinh doanh kh&aacute;c nhau như: Tổng c&ocirc;ng ty giấy Việt Nam, Tổng c&ocirc;ng ty Apatit Việt nam, C&ocirc;ng ty cổ phần Viglacera Hạ Long, Tập đo&agrave;n Hapaco, C&amp;T Group, C&ocirc;ng ty cổ phần May Bắc Giang, C&ocirc;ng ty CP thức ăn chăn nu&ocirc;i Th&aacute;i Dương, C&ocirc;ng ty dược phẩm B&igrave;nh Nguy&ecirc;n,&hellip; v&agrave; một số tổ chức ch&iacute;nh phủ v&agrave; phi ch&iacute;nh phủ: Tổ chức t&agrave;i ch&iacute;nh vi TYM, Dự &aacute;n hỗ trợ kĩ thuật First, Bảo hiểm tiền gửi Việt Nam&hellip; B&ecirc;n cạnh đ&oacute;, AsiaSoft cũng gặt h&aacute;i được một số th&agrave;nh t&iacute;ch như:</p>

<p style="box-sizing: border-box; margin: 0px; padding: 5px 0px; max-width: 100%;">- Huy Chương v&agrave;ng &ldquo;Sản phẩm C&ocirc;ng Nghệ Th&ocirc;ng Tin năm 2001&rdquo;</p>

<p style="box-sizing: border-box; margin: 0px; padding: 5px 0px; max-width: 100%;">- Huy chương v&agrave;ng &ldquo;Sản phẩm mới C&ocirc;ng nghệ mới&rdquo; năm 2002</p>

<p style="box-sizing: border-box; margin: 0px; padding: 5px 0px; max-width: 100%;">- Huy chương v&agrave;ng &ldquo;Sản phẩm CNTT- Truyền Th&ocirc;ng năm 2006&rdquo;</p>

<p style="box-sizing: border-box; margin: 0px; padding: 5px 0px; max-width: 100%;">- Huy chương v&agrave;ng &ldquo;Sản phẩm chất lượng &ndash; Thương hiệu uy t&iacute;n năm 2006&rdquo;</p>

<p style="box-sizing: border-box; margin: 0px; padding: 5px 0px; max-width: 100%;">- Huy chương v&agrave;ng &ldquo;Sản phẩm CNTT- Truyền Th&ocirc;ng năm 2007&rdquo;</p>

<p style="box-sizing: border-box; margin: 0px; padding: 5px 0px; max-width: 100%;">- Huy chương v&agrave;ng &ldquo;Sản phẩm chất lượng &ndash; Thương hiệu uy t&iacute;n năm 2007&rdquo;</p>

<p style="box-sizing: border-box; margin: 0px; padding: 5px 0px; max-width: 100%;">- Bằng khen của Ủy Ban Nh&acirc;n D&acirc;n Tp. Hồ Ch&iacute; Minh năm 2007</p>

<p style="box-sizing: border-box; margin: 0px; padding: 5px 0px; max-width: 100%;">- Giải thưởng Sao khu&ecirc; c&aacute;c năm 2007, 2008, 2012, 2014, 2016.</p>

<p style="box-sizing: border-box; margin: 0px; padding: 5px 0px; max-width: 100%;">AsiaSoft thường xuy&ecirc;n tổ chức c&aacute;c hoạt động ngoại kh&oacute;a, giao lưu văn nghệ để gi&uacute;p c&aacute;c th&agrave;nh vi&ecirc;n c&oacute; cơ hội được giao lưu, kết nối với nhau. Những chương tr&igrave;nh như Ch&agrave;o mừng quốc tế phụ nữ 8.3, Du xu&acirc;n, Giao lưu b&oacute;ng đ&aacute;&hellip; l&agrave; những m&oacute;n qu&agrave; tinh thần kh&ocirc;ng thể thiếu được của mỗi th&agrave;nh vi&ecirc;n AsiaSoft. AsiaSoft nỗ lực kh&ocirc;ng chỉ l&agrave; một tập thể &ldquo;vững chuy&ecirc;n m&ocirc;n, giỏi nghiệp vụ&rdquo; m&agrave; c&ograve;n l&agrave; nơi để c&aacute;c th&agrave;nh vi&ecirc;n gắn b&oacute;, đo&agrave;n kết như một gia đ&igrave;nh.</p>

<p style="box-sizing: border-box; margin: 0px; padding: 5px 0px; max-width: 100%;">Với phương ch&acirc;m &ldquo;V&igrave; sự th&agrave;nh c&ocirc;ng của kh&aacute;ch h&agrave;ng&rdquo; v&agrave; định hướng &ldquo;Chất lượng chuy&ecirc;n nghiệp - dịch vụ ho&agrave;n hảo&rdquo;, AsiaSoft đ&atilde; lu&ocirc;n phấn đấu kh&ocirc;ng ngừng x&acirc;y dựng uy t&iacute;n thương hiệu, niềm tin với kh&aacute;ch h&agrave;ng trong từng sản phẩm, dịch vụ AsiaSoft cung cấp.</p>

<p style="box-sizing: border-box; margin: 0px; padding: 5px 0px; max-width: 100%;">Sự tin tưởng v&agrave; ủng hộ của kh&aacute;ch h&agrave;ng trong suốt thời gian qua l&agrave; nguồn động vi&ecirc;n to lớn tr&ecirc;n bước đường ph&aacute;t triển của AsiaSoft. AsiaSoft sẽ kh&ocirc;ng ngừng ho&agrave;n thiện về dịch vụ v&agrave; sản phẩm để lu&ocirc;n xứng đ&aacute;ng với niềm tin ấy.</p>
</div>
', N'Giải pháp cung cấp phần mềm Quản lý hóa đơn điện tử được Công ty Cổ phần Phần mềm kế toán doanh nghiệp Việt Nam Chuyển giao và Phát triển', NULL, NULL, 0, CAST(N'2018-04-08T09:15:39.000' AS DateTime), 1)

INSERT [dbo].[Article] ([ArticleID], [ArticleName], [Alias], [DescriptShort], [BlogID], [Images], [Author], [Content], [MetaTitle], [MetaKeyword], [MetaDescription], [News_hot], [CreatedAt], [Status]) VALUES (9, N'Thông báo về tuyển nhân viên chăm sóc khách hàng năm 2018', N'thong-bao-ve-tuyen-nhan-vien-cham-soc-khach-hang-nam-2018', N'Tuyển nhân viên kinh doanh, nhân viên chăm sóc khách hàng, nhân viên Marketing', 1, N'/Upload/ImageDes/images/ha-img3_846c7ab18bac417eb83a79b26a901f75_large.png', N'Admin', N'<p style="box-sizing: border-box; margin: 0px 0px 15px; font-family: NotoSerif, &quot;Helvetica Neue&quot;, Helvetica, Arial, sans-serif; font-size: 14px;"><img data-mce-src="//file.hstatic.net/1000248829/file/hg-ori-7_grande.jpg" data-mce-style="display: block; margin-left: auto; margin-right: auto;" src="https://file.hstatic.net/1000248829/file/hg-ori-7_grande.jpg" style="box-sizing: border-box; border: 0px none; max-width: 100%; vertical-align: middle; margin: 0px auto; display: block;" /></p>

<p align="center">C&ocirc;ng ty phần mế to&aacute;n doanh nghiệp Việt Nam đang cần tuyển:</p>

<p><strong>1.&nbsp;&nbsp;&nbsp;&nbsp;Vị tr&iacute; cần tuyển: &nbsp;&nbsp;&nbsp;&nbsp;&nbsp;&nbsp;&nbsp;&nbsp;&nbsp;&nbsp;&nbsp;&nbsp;&nbsp;&nbsp;&nbsp;&nbsp;&nbsp;NH&Acirc;N VI&Ecirc;N CHĂM S&Oacute;C&nbsp;KH&Aacute;CH&nbsp;H&Agrave;NG</strong></p>

<p><strong>2.&nbsp;&nbsp;&nbsp;&nbsp;Số lượng cần tuyển: &nbsp;&nbsp;&nbsp;&nbsp;&nbsp;&nbsp;&nbsp;&nbsp;&nbsp; 02 nh&acirc;n vi&ecirc;n</strong></p>

<p><strong>3.&nbsp;&nbsp;&nbsp;&nbsp;Nơi l&agrave;m việc:&nbsp;&nbsp;&nbsp;&nbsp;&nbsp;&nbsp;&nbsp;&nbsp;&nbsp;&nbsp;&nbsp;&nbsp;&nbsp;&nbsp;&nbsp;&nbsp;&nbsp;&nbsp;&nbsp;&nbsp;&nbsp; H&agrave; Nội</strong></p>

<p><strong>4.&nbsp;&nbsp;&nbsp;&nbsp;M&ocirc; tả c&ocirc;ng việc:</strong></p>

<p style="margin-left: 23.05pt;">&middot;&nbsp;&nbsp;&nbsp;&nbsp;&nbsp;&nbsp;&nbsp;&nbsp; Nghe điện thoại, t&igrave;m hiểu nhu cầu kh&aacute;ch h&agrave;ng.</p>

<p style="margin-left: 23.05pt;">&middot;&nbsp;&nbsp;&nbsp;&nbsp;&nbsp;&nbsp;&nbsp;&nbsp; Chăm s&oacute;c, hỗ trợ kh&aacute;ch h&agrave;ng t&igrave;m hiểu sản phẩm&nbsp;phần mềm.</p>

<p style="margin-left: 23.05pt;">&middot;&nbsp; &nbsp; &nbsp; &nbsp; &nbsp;Định hướng d&ograve;ng sản phẩm, dịch vụ kh&aacute;ch h&agrave;ng c&oacute; nhu cầu&hellip;</p>

<p style="margin-left: 23.05pt;">&middot;&nbsp;&nbsp;&nbsp;&nbsp;&nbsp;&nbsp;&nbsp;&nbsp; Thực hiện c&aacute;c c&ocirc;ng việc theo đ&uacute;ng quy định của c&ocirc;ng ty.</p>

<p><strong>5.&nbsp;&nbsp;&nbsp;&nbsp;Y&ecirc;u cầu:</strong></p>

<p style="margin-left: 23.05pt;">&middot;&nbsp;&nbsp;&nbsp;&nbsp;&nbsp;&nbsp;&nbsp;&nbsp; Tốt nghiệp Đại học, Cao đẳng</p>

<p style="margin-left: 23.05pt;">&middot;&nbsp;&nbsp;&nbsp;&nbsp;&nbsp;&nbsp;&nbsp;&nbsp; Ngoại h&igrave;nh v&agrave; giọng n&oacute;i, ph&aacute;t &acirc;m&nbsp;tốt, kh&aacute;</p>

<p style="margin-left: 23.05pt;">&middot;&nbsp;&nbsp;&nbsp;&nbsp;&nbsp;&nbsp;&nbsp;&nbsp; Khả năng giao tiếp tốt.</p>

<p style="margin-left: 23.05pt;">&middot;&nbsp;&nbsp;&nbsp;&nbsp;&nbsp;&nbsp;&nbsp;&nbsp; Chăm chỉ, cẩn thận, chu đ&aacute;o, nhanh nhẹn.</p>

<p style="margin-left: 23.05pt;">&middot;&nbsp;&nbsp;&nbsp;&nbsp;&nbsp;&nbsp;&nbsp;&nbsp; Ưu ti&ecirc;n ứng vi&ecirc;n c&oacute; kinh nghiệm</p>

<p><strong>6. &nbsp; &nbsp;Quyền lợi v&agrave; nghĩa vụ:</strong></p>

<p style="margin-left: 23.05pt;">&middot;&nbsp;&nbsp;&nbsp;&nbsp;&nbsp;&nbsp;&nbsp;&nbsp;&nbsp;<strong>C&aacute;c chế độ</strong>:</p>

<p style="margin-left: 46.1pt;">o&nbsp;&nbsp;&nbsp; Mức thu nhập cơ bản&nbsp;<strong><em>(từ 7.000.000 đồng đến&nbsp;12.000.000 đồng / th&aacute;ng)</em></strong>.</p>

<p style="margin-left: 80px;">Trong đ&oacute;:</p>

<ul>
	<li style="margin-left: 80px;">Mức lương hấp dẫn&nbsp;<em>(từ 7.000.000 đồng đến 10.000.000 đồng / th&aacute;ng)</em>.</li>
	<li style="margin-left: 80px;">Thưởng theo mức độ ho&agrave;n th&agrave;nh kế hoạch&nbsp;thực tế.</li>
	<li style="margin-left: 80px;">&nbsp;Phụ cấp ăn trưa&nbsp;<strong><em>~ 600.000 đồng / th&aacute;ng</em></strong></li>
</ul>

<p style="margin-left: 46.1pt;">o&nbsp;&nbsp;&nbsp; ​Thu nhập mở rộng:</p>

<ul>
	<li style="margin-left: 69.15pt;">Thưởng doanh số theo gi&aacute; trị c&aacute;c hợp đồng k&yacute; kết.</li>
	<li style="margin-left: 69.15pt;">Phụ cấp tr&aacute;ch nhiệm&nbsp;</li>
</ul>

<p style="margin-left: 46.1pt;">o&nbsp;&nbsp;&nbsp; C&ocirc;ng việc th&aacute;ch thức, m&ocirc;i trường l&agrave;m việc chuy&ecirc;n nghiệp.</p>

<p style="margin-left: 46.1pt;">o&nbsp;&nbsp;&nbsp; Được k&yacute; hợp đồng lao động ch&iacute;nh thức v&agrave; hưởng c&aacute;c quyền lợi đ&uacute;ng luật lao động, hưởng c&aacute;c ch&iacute;nh s&aacute;ch đ&atilde;i ngộ xứng đ&aacute;ng, ph&ugrave; hợp với năng lực v&agrave; kinh nghiệm</p>

<p style="margin-left: 46.1pt;">o&nbsp;&nbsp;&nbsp; Được đ&agrave;o tạo tại c&ocirc;ng ty hoặc tham gia c&aacute;c kh&oacute;a học b&ecirc;n ngo&agrave;i.</p>

<p style="margin-left: 23.05pt;">&middot;&nbsp;&nbsp;&nbsp;&nbsp;&nbsp;&nbsp;&nbsp;&nbsp;&nbsp;<strong>Hồ sơ</strong>:</p>

<p style="margin-left: 46.1pt;">o&nbsp;&nbsp;&nbsp; Sơ yếu l&yacute; lịch (c&oacute; x&aacute;c nhận của địa phương).</p>

<p style="margin-left: 46.1pt;">o&nbsp;&nbsp;&nbsp; Đơn xin việc (viết tay).</p>

<p style="margin-left: 46.1pt;">o&nbsp;&nbsp;&nbsp; Bằng tốt nghiệp đại học, cao đẳng (photo)</p>

<p style="margin-left: 46.1pt;">o&nbsp;&nbsp;&nbsp; Giấy khai sinh, giấy kh&aacute;m sức khoẻ.</p>

<p style="margin-left: 46.1pt;">o&nbsp;&nbsp;&nbsp; 02 ảnh 3x4, chứng minh nh&acirc;n d&acirc;n (photo).</p>

<p style="margin-left: 46.1pt;">o&nbsp;&nbsp;&nbsp; C&aacute;c chứng chỉ văn bằng kh&aacute;c (nếu c&oacute;).</p>

<p style="margin-left: 46.1pt;">o&nbsp;&nbsp;&nbsp; Bản t&oacute;m tắt qu&aacute; tr&igrave;nh học tập, kinh nghiệm l&agrave;m việc, kĩ năng chuy&ecirc;n m&ocirc;n... của c&aacute; nh&acirc;n (CV)</p>

<p style="margin-left: 23.05pt;">&middot;&nbsp;&nbsp;&nbsp;&nbsp;&nbsp;&nbsp;&nbsp;&nbsp;&nbsp;<strong>C&aacute;c bước phỏng vấn</strong>:</p>

<p style="margin-left: 46.1pt;">o&nbsp;&nbsp;&nbsp; Nhận hồ sơ</p>

<p style="margin-left: 46.1pt;">o&nbsp;&nbsp;&nbsp; Phỏng vấn trực tiếp.</p>

<p style="margin-left: 46.1pt;">o&nbsp;&nbsp;&nbsp; Trả lời c&aacute;c c&acirc;u hỏi về kiến thức kế to&aacute;n v&agrave; lập tr&igrave;nh.</p>

<p><strong>7.&nbsp;&nbsp;&nbsp;&nbsp;Hạn&nbsp;nộp hồ sơ:&nbsp; 31/05/2018</strong></p>

<p><strong>8.&nbsp;&nbsp;&nbsp; Li&ecirc;n hệ: &nbsp; &nbsp;&nbsp;</strong></p>

<p style="margin-left: 23.05pt;">&middot;&nbsp;&nbsp;&nbsp;&nbsp;&nbsp;&nbsp;&nbsp;&nbsp; Ứng vi&ecirc;n gửi CV qua địa chỉ h&ograve;m thư&nbsp;<a href="mailto:tuyendunghn@bravo.com.vn"><span style="color:#000000;">a</span></a><span style="color:#000000;">ccVasj@Gmail.com</span>&nbsp;theo cấu tr&uacute;c ti&ecirc;u đề:&nbsp;<strong>T&ecirc;n vị tr&iacute; ứng tuyển_Họ v&agrave; t&ecirc;n_Ng&agrave;y gửi</strong>&nbsp;<em>(VD: Ứng tuyển nh&acirc;n vi&ecirc;n kinh doanh_Nguyễn Lan A_25032016)</em></p>

<p style="margin-left: 23.05pt;">&middot;&nbsp;&nbsp;&nbsp;&nbsp;&nbsp;&nbsp;&nbsp;&nbsp; Hoặc nộp trực tiếp tại Số 564 Bạch Đằng, Hai B&agrave; Trưng, H&agrave; Nội</p>

<p style="margin-left: 23.05pt;">&middot;&nbsp;&nbsp;&nbsp;&nbsp;&nbsp;&nbsp;&nbsp;&nbsp;&nbsp;<strong>Tel: (024) 3 9846295;&nbsp;</strong>Website:&nbsp;<a href="http://www.vasj.com.vn/">http://www.vasj.com.vn</a></p>

<p style="box-sizing: border-box; margin: 0px 0px 15px; font-family: NotoSerif, &quot;Helvetica Neue&quot;, Helvetica, Arial, sans-serif; font-size: 14px;"><em><u>Lưu &yacute;:</u>&nbsp;Ưu ti&ecirc;n c&aacute;c ứng vi&ecirc;n đến nộp hồ sơ trực tiếp.&nbsp; C&ocirc;ng ty kh&ocirc;ng ho&agrave;n lại hồ sơ v&agrave; chỉ gọi phỏng vấn những hồ sơ đạt y&ecirc;u cầu</em></p>

<p style="box-sizing: border-box; margin: 0px 0px 15px; font-family: NotoSerif, &quot;Helvetica Neue&quot;, Helvetica, Arial, sans-serif; font-size: 14px;">&nbsp;</p>

<p style="box-sizing: border-box; margin: 0px 0px 15px; font-family: NotoSerif, &quot;Helvetica Neue&quot;, Helvetica, Arial, sans-serif; font-size: 14px;"><img data-mce-src="//file.hstatic.net/1000248829/file/hg-ori-1_grande.jpg" data-mce-style="display: block; margin-left: auto; margin-right: auto;" src="https://file.hstatic.net/1000248829/file/hg-ori-1_grande.jpg" style="box-sizing: border-box; border: 0px none; max-width: 100%; vertical-align: middle; margin: 0px auto; display: block;" /></p>

<p style="box-sizing: border-box; margin: 0px 0px 15px; font-family: NotoSerif, &quot;Helvetica Neue&quot;, Helvetica, Arial, sans-serif; font-size: 14px;">H&atilde;y c&ugrave;ng t&igrave;m hiểu điều g&igrave; g&oacute;p phần tạo n&ecirc;n th&agrave;nh c&ocirc;ng v&agrave; danh tiếng của ch&uacute;ng t&ocirc;i.</p>
', N'Thông báo về tuyển nhân viên chăm sóc khách hàng năm 2018', NULL, NULL, 0, CAST(N'2018-04-08T09:16:49.000' AS DateTime), 1)
INSERT [dbo].[Article] ([ArticleID], [ArticleName], [Alias], [DescriptShort], [BlogID], [Images], [Author], [Content], [MetaTitle], [MetaKeyword], [MetaDescription], [News_hot], [CreatedAt], [Status]) VALUES (10, N'TUYỂN NHÂN VIÊN TRIỂN KHAI PHẦN MỀM', N'tuyen-nhan-vien-trien-khai-phan-mem', NULL, 1, N'/Upload/ImageDes/images/ha-img41_large.jpg', N'Admin', N'<p style="box-sizing: border-box; margin: 0px 0px 15px; font-family: NotoSerif, &quot;Helvetica Neue&quot;, Helvetica, Arial, sans-serif; font-size: 14px;"><img data-mce-src="//file.hstatic.net/1000248829/file/hg-ori-6_grande.jpg" data-mce-style="display: block; margin-left: auto; margin-right: auto;" src="https://file.hstatic.net/1000248829/file/hg-ori-6_grande.jpg" style="box-sizing: border-box; border: 0px none; max-width: 100%; vertical-align: middle; margin: 0px auto; display: block;" /></p>

<p align="center">C&ocirc;ng ty phần mế to&aacute;n doanh nghiệp Việt Nam đang cần tuyển:</p>

<p><strong>1.&nbsp;&nbsp;&nbsp;&nbsp;Vị tr&iacute; cần tuyển: &nbsp;&nbsp;&nbsp;&nbsp;&nbsp;&nbsp;&nbsp;&nbsp;&nbsp;&nbsp;&nbsp;&nbsp;&nbsp;&nbsp;&nbsp;&nbsp;&nbsp;NH&Acirc;N VI&Ecirc;N TRIỂN KHAI PHẦN MỀM</strong></p>

<p><strong>2.&nbsp;&nbsp;&nbsp;&nbsp;Số lượng cần tuyển: &nbsp;&nbsp;&nbsp;&nbsp;&nbsp;&nbsp;&nbsp;&nbsp;&nbsp; 02 nh&acirc;n vi&ecirc;n</strong></p>

<p><strong>3.&nbsp;&nbsp;&nbsp;&nbsp;Nơi l&agrave;m việc:&nbsp;&nbsp;&nbsp;&nbsp;&nbsp;&nbsp;&nbsp;&nbsp;&nbsp;&nbsp;&nbsp;&nbsp;&nbsp;&nbsp;&nbsp;&nbsp;&nbsp;&nbsp;&nbsp;&nbsp;&nbsp; H&agrave; Nội</strong></p>

<p><strong>4.&nbsp;&nbsp;&nbsp;&nbsp;M&ocirc; tả c&ocirc;ng việc:</strong></p>

<p style="margin-left:23.05pt;">&middot;&nbsp;&nbsp;&nbsp;&nbsp;&nbsp;&nbsp;&nbsp;&nbsp; Sửa đổi, hiệu chỉnh phần mềm theo y&ecirc;u cầu kh&aacute;ch h&agrave;ng.</p>

<p style="margin-left:23.05pt;">&middot;&nbsp;&nbsp;&nbsp;&nbsp;&nbsp;&nbsp;&nbsp;&nbsp; C&agrave;i đặt, hướng dẫn, hỗ trợ kh&aacute;ch h&agrave;ng sử dụng phần mềm.</p>

<p style="margin-left:23.05pt;">&middot;&nbsp;&nbsp;&nbsp;&nbsp;&nbsp;&nbsp;&nbsp;&nbsp; Trợ gi&uacute;p kh&aacute;ch h&agrave;ng c&aacute;c nghiệp vụ kế to&aacute;n&hellip;</p>

<p style="margin-left:23.05pt;">&middot;&nbsp;&nbsp;&nbsp;&nbsp;&nbsp;&nbsp;&nbsp;&nbsp; Thực hiện c&aacute;c c&ocirc;ng việc theo đ&uacute;ng quy định của c&ocirc;ng ty.</p>

<p><strong>5.&nbsp;&nbsp;&nbsp;&nbsp;Y&ecirc;u cầu:</strong></p>

<p style="margin-left:23.05pt;">&middot;&nbsp;&nbsp;&nbsp;&nbsp;&nbsp;&nbsp;&nbsp;&nbsp; Tốt nghiệp Đại học, Cao đẳng</p>

<p style="margin-left:23.05pt;">&middot;&nbsp;&nbsp;&nbsp;&nbsp;&nbsp;&nbsp;&nbsp;&nbsp; Nắm vững kiến thức lập tr&igrave;nh cơ sở dữ liệu SQL Server, ưu ti&ecirc;n ứng vi&ecirc;n c&oacute; kiến thức về kế to&aacute;n hoặc c&oacute; kinh nghiệm c&ocirc;ng t&aacute;c trong lĩnh vực triển khai phần mềm</p>

<p style="margin-left:23.05pt;">&middot;&nbsp;&nbsp;&nbsp;&nbsp;&nbsp;&nbsp;&nbsp;&nbsp; Khả năng giao tiếp tốt.</p>

<p style="margin-left:23.05pt;">&middot;&nbsp;&nbsp;&nbsp;&nbsp;&nbsp;&nbsp;&nbsp;&nbsp; Chăm chỉ, cẩn thận, nhanh nhẹn.</p>

<p style="margin-left:23.05pt;">&middot;&nbsp;&nbsp;&nbsp;&nbsp;&nbsp;&nbsp;&nbsp;&nbsp; Ưu ti&ecirc;n ứng vi&ecirc;n c&oacute; kinh nghiệm</p>

<p><strong>6. &nbsp; &nbsp;Quyền lợi v&agrave; nghĩa vụ:</strong></p>

<p style="margin-left:23.05pt;">&middot;&nbsp;&nbsp;&nbsp;&nbsp;&nbsp;&nbsp;&nbsp;&nbsp; <strong>C&aacute;c chế độ</strong>:</p>

<p style="margin-left:46.1pt;">o&nbsp;&nbsp;&nbsp; Mức thu nhập cơ bản&nbsp;<strong><em>(từ 7.000.000 đồng đến&nbsp;12.000.000 đồng / th&aacute;ng)</em></strong>. Trong đ&oacute;:</p>

<ul>
	<li style="margin-left: 69.15pt;">&nbsp;Mức lương hấp dẫn&nbsp;<em>(từ 7.000.000 đồng đến 12.000.000 đồng / th&aacute;ng)</em>.</li>
	<li style="margin-left: 69.15pt;">Thưởng theo dự &aacute;n thực tế.</li>
	<li style="margin-left: 69.15pt;">&nbsp;Phụ cấp ăn trưa&nbsp;<strong><em>~ 600.000 đồng / th&aacute;ng</em></strong></li>
</ul>

<p style="margin-left:46.1pt;">o&nbsp;&nbsp;&nbsp; ​Thu nhập mở rộng:</p>

<ul>
	<li style="margin-left: 69.15pt;">Thưởng doanh số theo gi&aacute; trị c&aacute;c hợp đồng triển khai.</li>
	<li style="margin-left: 69.15pt;">Phụ cấp tr&aacute;ch nhiệm&nbsp;</li>
</ul>

<p style="margin-left:46.1pt;">o&nbsp;&nbsp;&nbsp; C&ocirc;ng việc th&aacute;ch thức, m&ocirc;i trường l&agrave;m việc chuy&ecirc;n nghiệp.</p>

<p style="margin-left:46.1pt;">o&nbsp;&nbsp;&nbsp; Được k&yacute; hợp đồng lao động ch&iacute;nh thức v&agrave; hưởng c&aacute;c quyền lợi đ&uacute;ng luật lao động, hưởng c&aacute;c ch&iacute;nh s&aacute;ch đ&atilde;i ngộ xứng đ&aacute;ng, ph&ugrave; hợp với năng lực v&agrave; kinh nghiệm</p>

<p style="margin-left:46.1pt;">o&nbsp;&nbsp;&nbsp; Được đ&agrave;o tạo tại c&ocirc;ng ty hoặc tham gia c&aacute;c kh&oacute;a học b&ecirc;n ngo&agrave;i.</p>

<p style="margin-left:46.1pt;">o&nbsp;&nbsp;&nbsp; C&oacute; cơ hội mở rộng kiến thức về hệ thống quản trị doanh nghiệp (ERP) v&agrave; hệ thống kế to&aacute;n doanh nghiệp.</p>

<p style="margin-left:23.05pt;">&middot;&nbsp;&nbsp;&nbsp;&nbsp;&nbsp;&nbsp;&nbsp;&nbsp; <strong>Hồ sơ</strong>:</p>

<p style="margin-left:46.1pt;">o&nbsp;&nbsp;&nbsp; Sơ yếu l&yacute; lịch (c&oacute; x&aacute;c nhận của địa phương).</p>

<p style="margin-left:46.1pt;">o&nbsp;&nbsp;&nbsp; Đơn xin việc (viết tay).</p>

<p style="margin-left:46.1pt;">o&nbsp;&nbsp;&nbsp; Bằng tốt nghiệp đại học, cao đẳng (photo)</p>

<p style="margin-left:46.1pt;">o&nbsp;&nbsp;&nbsp; Giấy khai sinh, giấy kh&aacute;m sức khoẻ.</p>

<p style="margin-left:46.1pt;">o&nbsp;&nbsp;&nbsp; 02 ảnh 3x4, chứng minh nh&acirc;n d&acirc;n (photo).</p>

<p style="margin-left:46.1pt;">o&nbsp;&nbsp;&nbsp; C&aacute;c chứng chỉ văn bằng kh&aacute;c (nếu c&oacute;).</p>

<p style="margin-left:46.1pt;">o&nbsp;&nbsp;&nbsp; Bản t&oacute;m tắt qu&aacute; tr&igrave;nh học tập, kinh nghiệm l&agrave;m việc, kĩ năng chuy&ecirc;n m&ocirc;n... của c&aacute; nh&acirc;n (CV)</p>

<p style="margin-left:23.05pt;">&middot;&nbsp;&nbsp;&nbsp;&nbsp;&nbsp;&nbsp;&nbsp;&nbsp; <strong>C&aacute;c bước phỏng vấn</strong>:</p>

<p style="margin-left:46.1pt;">o&nbsp;&nbsp;&nbsp; Nhận hồ sơ</p>

<p style="margin-left:46.1pt;">o&nbsp;&nbsp;&nbsp; Phỏng vấn trực tiếp.</p>

<p style="margin-left:46.1pt;">o&nbsp;&nbsp;&nbsp; Trả lời c&aacute;c c&acirc;u hỏi về kiến thức kế to&aacute;n v&agrave; lập tr&igrave;nh.</p>

<p><strong>7.&nbsp;&nbsp;&nbsp;&nbsp;Hạn&nbsp;nộp hồ sơ:&nbsp; 31/05/2018</strong></p>

<p><strong>8.&nbsp;&nbsp;&nbsp; Li&ecirc;n hệ: &nbsp; &nbsp;&nbsp;</strong></p>

<p style="margin-left:23.05pt;">&middot;&nbsp;&nbsp;&nbsp;&nbsp;&nbsp;&nbsp;&nbsp;&nbsp; Ứng vi&ecirc;n gửi CV qua địa chỉ h&ograve;m thư&nbsp;<a href="mailto:tuyendunghn@bravo.com.vn">a</a>ccVasj@Gmail.com&nbsp;theo cấu tr&uacute;c ti&ecirc;u đề:&nbsp;<strong>T&ecirc;n vị tr&iacute; ứng tuyển_Họ v&agrave; t&ecirc;n_Ng&agrave;y gửi</strong>&nbsp;<em>(VD: Ứng tuyển nh&acirc;n vi&ecirc;n triển khai_Nguyễn Văn A_25032017)</em></p>

<p style="margin-left:23.05pt;">&middot;&nbsp;&nbsp;&nbsp;&nbsp;&nbsp;&nbsp;&nbsp;&nbsp; Hoặc nộp trực tiếp tại Số 564 Bạch Đằng, Hai B&agrave; Trưng, H&agrave; Nội</p>

<p style="margin-left:23.05pt;">&middot;&nbsp;&nbsp;&nbsp;&nbsp;&nbsp;&nbsp;&nbsp;&nbsp; <strong>Tel: (024) 3 9846295;&nbsp;</strong>Website:&nbsp;<a href="http://www.vasj.com.vn/">http://www.vasj.com.vn</a></p>

<p style="box-sizing: border-box; margin: 0px 0px 15px; font-family: NotoSerif, &quot;Helvetica Neue&quot;, Helvetica, Arial, sans-serif; font-size: 14px;"><em><u>Lưu &yacute;:</u>&nbsp;Ưu ti&ecirc;n c&aacute;c ứng vi&ecirc;n đến nộp hồ sơ trực tiếp.&nbsp; C&ocirc;ng ty kh&ocirc;ng ho&agrave;n lại hồ sơ v&agrave; chỉ gọi phỏng vấn những hồ sơ đạt y&ecirc;u cầu</em></p>
', N'TUYỂN NHÂN VIÊN TRIỂN KHAI PHẦN MỀM', N'tttt', N'mmmmm', 0, CAST(N'2018-04-08T09:17:33.000' AS DateTime), 1)
INSERT [dbo].[Article] ([ArticleID], [ArticleName], [Alias], [DescriptShort], [BlogID], [Images], [Author], [Content], [MetaTitle], [MetaKeyword], [MetaDescription], [News_hot], [CreatedAt], [Status]) VALUES (11, N'Thông tư số 32/2011/TT-BTC', N'thong-tu-so-32-2011-tt-btc', NULL, 1, N'/Upload/ImageDes/images/TT32%20BTC.jpg', N'Thanhln2002@gmail.com', N'<p style="margin-left: 160px;"><img alt="" src="/Upload/ImageDes/images/BTC.jpg" style="width: 389px; height: 129px;" /></p>

<p>Th&ocirc;ng tư 32/2011/TT-BTC ng&agrave;y 14/03/2011 Hướng dẫn về khởi tạo, ph&aacute;t h&agrave;nh v&agrave; sử dụng ho&aacute; đơn điện tử b&aacute;n h&agrave;ng h&oacute;a, cung ứng dịch vụ</p>

<p>Việc thay thế h&oacute;a đơn tự in&nbsp;bằng h&oacute;a đơn điện tử&nbsp;sẽ mang lại lợi &iacute;ch nhiều mặt cho doanh nghiệp, kh&aacute;ch h&agrave;ng sử dụng&nbsp;lẫn cơ quan quản l&yacute; thuế.&nbsp;Việc &aacute;p dụng h&oacute;a đơn điện tử&nbsp;sẽ g&oacute;p phần rất lớn trong việc tiết kiệm, n&acirc;ng cao hiệu quả sản xuất, kinh doanh, tăng năng lực cạnh tranh. Mặt kh&aacute;c, thuận tiện cho việc hạch to&aacute;n kế to&aacute;n, đối chiếu dữ liệu, quản trị kinh doanh của doanh nghiệp&nbsp;v&agrave; c&aacute;c đơn vị th&agrave;nh vi&ecirc;n.&nbsp;Về ph&iacute;a kh&aacute;ch h&agrave;ng, qu&aacute; tr&igrave;nh thanh to&aacute;n sẽ nhanh v&agrave; thuận tiện hơn do việc lập, gửi/nhận h&oacute;a đơn được thực hiện th&ocirc;ng qua c&aacute;c phương tiện điện tử. C&ocirc;ng việc n&agrave;y g&oacute;p phần hiện đại h&oacute;a c&ocirc;ng t&aacute;c hạch to&aacute;n kế to&aacute;n, quản trị doanh nghiệp để ph&ugrave; hợp với xu thế kinh doanh ng&agrave;y c&agrave;ng ph&aacute;t triển tr&ecirc;n thị trường quốc tế hiện nay, ph&ugrave; hợp với c&aacute;c c&ocirc;ng nghệ ti&ecirc;n tiến đang được &aacute;p dụng tr&ecirc;n thế giới như Mobile Banking, Internet Banking, SMS Banking v&agrave; g&oacute;p phần bảo vệ m&ocirc;i trường...&nbsp;</p>

<p>Nhận thấy lợi &iacute;ch thiết thực n&agrave;y của h&oacute;a đơn điện tử, Bộ T&agrave;i ch&iacute;nh v&agrave; Tổng cục Thuế đ&atilde; quyết định đưa h&oacute;a đơn điện tử v&agrave;o sử dụng v&agrave; ban h&agrave;nh&nbsp;Th&ocirc;ng tư 32/2011/TT-BTC để hướng dẫn c&aacute;c bộ ban ng&agrave;nh li&ecirc;n quan v&agrave; c&aacute;c doanh nghiệp về việc khởi tạo, ph&aacute;t h&agrave;nh v&agrave; sử dụng h&oacute;a đơn điện tử b&aacute;n h&agrave;ng h&oacute;a v&agrave; cung ứng dịch vụ.</p>
', N'Thông tư số 32/2011/TT-BTC', NULL, NULL, 0, CAST(N'2018-05-12T09:23:24.000' AS DateTime), 1)
INSERT [dbo].[Article] ([ArticleID], [ArticleName], [Alias], [DescriptShort], [BlogID], [Images], [Author], [Content], [MetaTitle], [MetaKeyword], [MetaDescription], [News_hot], [CreatedAt], [Status]) VALUES (12, N'Quyết định số 1209/QĐ-BTC', N'quyet-dinh-so-1209-qd-btc', NULL, 1, N'/Upload/ImageDes/images/QD%201209%20Q%C4%90-BTC.jpg', N'Thanhln2002@gmail.com', N'<p style="margin-left: 160px;"><img alt="" src="/Upload/ImageDes/images/BTC.jpg" style="width: 389px; height: 129px;" /></p>

<p>Quyết định 1209/2015/QĐ-BTC ng&agrave;y 23/06/2015 Về việc th&iacute; điểm sử dụng h&oacute;a đơn điện tử c&oacute; m&atilde; x&aacute;c thực của cơ quan thuế</p>

<p>Ng&agrave;y 25/06/2016, theo đề xuất của Tổng cục thuế về Quản l&yacute; h&oacute;a đơn,&nbsp;Bộ T&agrave;i ch&iacute;nh ban h&agrave;nh Quyết định 1209/QĐ-BTC về Th&iacute; điểm sử dụng h&oacute;a đơn điện tử c&oacute; m&atilde; x&aacute;c thực của cơ quan thuế.&nbsp;Quyết định n&agrave;y căn cứ theo Th&ocirc;ng tư 32/2011/TT-BTC về hướng dẫn về việc khởi tạo, ph&aacute;t h&agrave;nh, sử dụng, quản l&yacute; ho&aacute; đơn điện tử khi b&aacute;n h&agrave;ng ho&aacute;, cung ứng dịch vụ v&agrave; Th&ocirc;ng tư 39/2014/TT-BTC Hướng dẫn thi h&agrave;nh Nghị định số 51/2010/NĐ-CP ng&agrave;y 14 th&aacute;ng 5 năm 2010 v&agrave; Nghị định số 04/2014/NĐ-CP ng&agrave;y 17 th&aacute;ng 01 năm 2014 của Ch&iacute;nh phủ quy định về ho&aacute; đơn b&aacute;n h&agrave;ng h&oacute;a, cung ứng dịch vụ. Với phương thức n&agrave;y, Doanh nghiệp &aacute;p dụng kh&ocirc;ng phải nộp B&aacute;o c&aacute;o t&igrave;nh h&igrave;nh sử dụng h&oacute;a đơn h&agrave;ng th&aacute;ng, h&agrave;ng qu&yacute;</p>
', N'Quyết định số 1209/QĐ-BTC', NULL, NULL, 0, CAST(N'2018-05-12T09:36:03.000' AS DateTime), 1)
INSERT [dbo].[Article] ([ArticleID], [ArticleName], [Alias], [DescriptShort], [BlogID], [Images], [Author], [Content], [MetaTitle], [MetaKeyword], [MetaDescription], [News_hot], [CreatedAt], [Status]) VALUES (13, N'Hội ngộ', N'hoi-ngo', NULL, 2, N'/Upload/ImageDes/images/Hoi%20ngo%20mua%20xuan%202018.jpg', N'Thanhln2002@gmail.com', N'<p>L&acirc;u lăm rồi mới lại gặp nhau!</p>
', N'Hội ngộ', NULL, NULL, 0, CAST(N'2017-05-17T10:48:45.000' AS DateTime), 1)
INSERT [dbo].[Article] ([ArticleID], [ArticleName], [Alias], [DescriptShort], [BlogID], [Images], [Author], [Content], [MetaTitle], [MetaKeyword], [MetaDescription], [News_hot], [CreatedAt], [Status]) VALUES (14, N'Kỷ niệm Sapa', N'ky-niem-sapa', NULL, 2, N'/Upload/ImageDes/images/Vasj%20du%20lich%20sa%20pa.JPG', N'Thanhln2002@gmail.com', NULL, N'Kỷ niệm Sapa', NULL, NULL, 0, CAST(N'2017-05-17T10:53:00.000' AS DateTime), 1)
INSERT [dbo].[Article] ([ArticleID], [ArticleName], [Alias], [DescriptShort], [BlogID], [Images], [Author], [Content], [MetaTitle], [MetaKeyword], [MetaDescription], [News_hot], [CreatedAt], [Status]) VALUES (15, N'Triên lãm Giảng Võ', N'trien-lam-giang-vo', NULL, 2, N'/Upload/ImageDes/images/Vasj%20tham%20gia%20trien%20lam%20giang%20vo.JPG', N'Thanhln2002@gmail.com', NULL, N'Triên lãm Giảng Võ', NULL, NULL, 0, CAST(N'2017-05-17T11:46:06.000' AS DateTime), 1)
INSERT [dbo].[Article] ([ArticleID], [ArticleName], [Alias], [DescriptShort], [BlogID], [Images], [Author], [Content], [MetaTitle], [MetaKeyword], [MetaDescription], [News_hot], [CreatedAt], [Status]) VALUES (16, N'Vũ Ngọc Phan', N'vu-ngoc-phan', NULL, 2, N'/Upload/ImageDes/images/Vasj%20tiep%20khach%20Singapo.JPG', N'Thanhln2002@gmail.com', NULL, N'Vũ Ngọc Phan', NULL, NULL, 0, CAST(N'2017-05-17T11:46:54.000' AS DateTime), 1)
INSERT [dbo].[Article] ([ArticleID], [ArticleName], [Alias], [DescriptShort], [BlogID], [Images], [Author], [Content], [MetaTitle], [MetaKeyword], [MetaDescription], [News_hot], [CreatedAt], [Status]) VALUES (17, N'Vasj đã trở thành đối tác chính thức của VNis', N'vasj-da-tro-thanh-doi-tac-chinh-thuc-cua-vnis', NULL, 1, N'/Upload/ImageDes/images/VNIs.png', N'Thanhln2002@gmail.com', N'<ul style="box-sizing: inherit; list-style-type: none; margin: 0px; padding-right: 0px; padding-left: 0px; font-family: Arial, sans-serif; font-size: 14px;">
	<li style="box-sizing: inherit; position: relative; line-height: 30px; text-align: justify; padding-right: 35px;"><span style="color: rgb(0, 0, 0); font-family: Arial, sans-serif; font-size: 14px; font-weight: 700; text-align: justify;">VNIs </span><span style="box-sizing: inherit; margin-bottom: 0px; color: rgb(0, 0, 0);">L</span>&agrave;&nbsp;C&ocirc;ng ty cổ&nbsp;phẩn&nbsp;giải&nbsp;ph&aacute;p&nbsp;h&oacute;a&nbsp;đơn điện&nbsp;tử&nbsp;Việt&nbsp;Nam cung cấp phần<span style="box-sizing: inherit; margin-bottom: 0px; color: rgb(0, 0, 0);">&nbsp;mềm VN-Invoice đạt chuẩn theo quy định của Th&ocirc;ng tư 32/2011/TT-BTC v&agrave; c&aacute;c quy định kh&aacute;c về H&oacute;a đơn</span></li>
	<li style="box-sizing: inherit; position: relative; line-height: 30px; text-align: justify; padding-right: 35px;"><span style="box-sizing: inherit; font-weight: bolder; margin-bottom: 0px;"><span style="box-sizing: inherit; margin-bottom: 0px; color: rgb(0, 0, 0);">VNIs&nbsp;<strong><span style="box-sizing: inherit; margin-bottom: 0px; color: rgb(0, 0, 0);">14 năm kinh nghiệm sản xuất phần mềm cho doanh nghiệp &ndash; 5 năm Hỗ trợ k&ecirc; khai thuế</span></strong></span></span></li>
</ul>
', N'Vasj đã trở thành đối tác chính thức của VNis', NULL, NULL, 0, CAST(N'2018-05-19T11:59:18.000' AS DateTime), 1)
SET IDENTITY_INSERT [dbo].[Article] OFF
SET IDENTITY_INSERT [dbo].[Blog] ON 

INSERT [dbo].[Blog] ([BlogID], [BlogName], [Alias], [Content], [Author], [MetaTitle], [MetaKeyword], [MetaDescription], [CreatedAt], [Status]) VALUES (1, N'Tin tuc', N'tin-tuc', NULL, N'Admin', N'Tin tuc', NULL, NULL, CAST(N'2018-04-07T23:31:31.000' AS DateTime), 1)
INSERT [dbo].[Blog] ([BlogID], [BlogName], [Alias], [Content], [Author], [MetaTitle], [MetaKeyword], [MetaDescription], [CreatedAt], [Status]) VALUES (2, N'Ngôi nhà Vasj', N'ngoi-nha-vasj', NULL, N'Thanhln2002@gmail.com', N'Ngôi nhà Vasj', NULL, NULL, CAST(N'2018-05-17T10:33:40.000' AS DateTime), 1)
SET IDENTITY_INSERT [dbo].[Blog] OFF
SET IDENTITY_INSERT [dbo].[Category] ON 

INSERT [dbo].[Category] ([CategoryID], [CategoryName], [Alias], [Images], [Content], [MetaTitle], [MetaKeyword], [MetaDescription], [Author], [CreatedAt], [Status]) VALUES (4, N'Phần mềm kế toán', N'phan-mem-ke-toan', N'/Upload/ImageDes/images/SmartSoft.bmp', NULL, N'Phần mềm kế toán', NULL, NULL, N'Admin', CAST(N'2018-04-08T09:05:16.000' AS DateTime), 1)
SET IDENTITY_INSERT [dbo].[Category] OFF
SET IDENTITY_INSERT [dbo].[Configure] ON 

INSERT [dbo].[Configure] ([ConfigID], [Logo], [Favicon], [NameCompany], [Description], [Address], [Email], [EmailReceive], [Phone], [Hotline], [Map], [FanpageFacebook], [IconFacebook], [IconTwiiter], [IconInstagram], [IconYoutube], [IconGoogle], [title_block_address], [title_block_description_1], [link_name_des_1], [link_href_des_1], [link_name_des_2], [link_href_des_2], [link_name_des_3], [link_href_des_3], [link_name_des_4], [link_href_des_4], [link_name_des_5], [link_href_des_5], [link_name_des_6], [link_href_des_6], [title_block_description2_1], [link_name_des_2_1], [link_href_des_2_1], [link_name_des_2_2], [link_href_des_2_2], [link_name_des_2_3], [link_href_des_2_3], [link_name_des_2_4], [link_href_des_2_4], [link_name_des_2_5], [link_href_des_2_5], [link_name_des_2_6], [link_href_des_2_6], [title_dknt], [content_dknt], [title_map], [MetaTitle], [MetaKeyword], [MetaDescription]) VALUES (1, N'/Upload/ImageDes/files/logo.png', N'/Upload/Images/logo1.png', N'CÔNG TY PHẦN MỀM KẾ TOÁN DOANH NGHIỆP VIỆT NAM', N' Công ty Cổ phần mềm Kế toán Doanh nghiệp Việt Nam (Vietnam Accounting Software Co., jsc) viết tắt là VASJ được thành lập với mục tiêu đem trí tuệ của mình để làm giàu chính đáng cho bản thân và cho xã hội bằng việc cung cấp các dịch vụ Công nghệ thông tin có uy tín và chất lượng cao. 
Tài sản quí giá và là niềm tự hào của chúng tôi chính là đội ngũ nhân viên chuyên nghiệp, năng động, sáng tạo, tâm huyết, tinh thần trách nhiệm và chuyên môn cao, làm việc hết mình vì tập thể công ty và khách hàng
', N'546 Bạch Đằng Hai Bà Trưng Hà Nội', N'accvasj@gmail.com', N'thanhphatloc@ymail.com', N'02439841070', N'0989992498, 0977413190', N'<iframe src="https://www.google.com/maps/embed?pb=!1m18!1m12!1m3!1d3724.5312927773316!2d105.86499051430778!3d21.011417393747376!2m3!1f0!2f0!3f0!3m2!1i1024!2i768!4f13.1!3m3!1m2!1s0x3135abf9776ffd8f%3A0x1d7fed7607f1e320!2zNTY0IMSQxrDhu51uZyBC4bqhY2ggxJDhurFuZywgQuG6oWNoIMSQ4bqxbmcsIEhhaSBCw6AgVHLGsG5nLCBIw6AgTuG7mWksIFZp4buHdCBOYW0!5e0!3m2!1svi!2s!4v1524298273826" width="100%" height="280" frameborder="0" style="border:0" allowfullscreen></iframe>', N'#', N'#', N'#', N'#', N'#', N'#', N'THÔNG TIN CHI TIẾT', N'DỊCH VỤ', N'Dịch vụ kế toán', N'#', N'Thành lập doanh nghiệp', N'#', N'Dịch vụ kế toán trọn gói', N'#', N'Dịch vụ kế toán nội bộ', N'#', N'Dịch vụ kế toán nhân sự', N'#', NULL, NULL, N'DỊCH VỤ KHÁC', N'Kiểm tra sổ sách kế toán', N'#', N'Dịch vụ đăng ký nhãn hiệu', N'#', N'Lao động tiền lương', N'#', NULL, NULL, NULL, NULL, NULL, NULL, N'ĐĂNG KÍ NHẬN GIẢI PHÁP KẾ TOÁN THUẾ ', N'Nhận giải pháp mới nhất về Kế toán Doanh nghiệp

', N'BẢN ĐỒ', N'CÔNG TY CỔ PHẦN PHÂN MÊM KẾ TOÁN DOANH NGHIỆP VIỆT NAM', N'kế toán,thương mại, kế toán bán hàng', N'Công ty được thành lập với mục đích cung cấp giải pháp về các dịch vụ thuế kế toán. Với kinh nghiệm 15 năm cùng các chuyên gia đầu ngành sẽ giúp các doanh nghiệp Việt Nam')
SET IDENTITY_INSERT [dbo].[Configure] OFF
SET IDENTITY_INSERT [dbo].[Home] ON 

INSERT [dbo].[Home] ([HomeID], [on_block_slogan], [title_sologan], [button_more_slogan], [on_block_intro], [title_intro], [des_more_intro], [images_intro_1], [images_intro_2], [content_intro], [text_intro1], [text_intro2], [text_intro3], [text_intro4], [text_intro5], [text_intro6], [text_intro7], [text_intro8], [text_intro9], [text_intro10], [button_more_intro], [on_product_home], [title_product_home], [link_title_product_home], [collection_product_home], [on_work_time], [title_work], [icon_work_1], [titile_block_work1], [content_block_work1], [icon_work_2], [titile_block_work2], [content_block_work2], [icon_work_3], [titile_block_work3], [content_block_work3], [icon_work_4], [titile_block_work4], [content_block_work4], [on_new_video], [title_block_news], [blog_news_chosse], [title_block_video], [video_iframe1], [images_video_2], [video_iframe2], [images_video_3], [video_iframe3], [images_video_4], [video_iframe4], [on_say_customer], [title_block_comment_customer], [on_block_say_customer1], [name_customer_say1], [images_customer_1], [company_customer_say1], [content_customer_say1], [on_block_say_customer2], [name_customer_say2], [images_customer_2], [company_customer_say2], [content_customer_say2], [on_block_say_customer3], [name_customer_say3], [images_customer_3], [company_customer_say3], [content_customer_say3], [on_block_say_customer4], [name_customer_say4], [images_customer_4], [company_customer_say4], [content_customer_say4], [on_block_say_customer5], [name_customer_say5], [images_customer_5], [company_customer_say5], [content_customer_say5], [on_block_say_customer6], [name_customer_say6], [images_customer_6], [company_customer_say6], [content_customer_say6], [on_block_partner], [title_partners]) VALUES (1, 1, N'We are not the first but the best!', N'#', 1, N'Giới thiệu về doanh nghiệp', N'Sản xuất và gia công các sản phẩm phần mềm tài chính kế toán, các dịch vụ trực tuyến, các giải pháp thương mại điện tử cho doanh nghiệp', N'/Upload/ImageDes/images/about-img1.jpg', N'/Upload/ImageDes/images/about-img2.jpg', N'Công ty Cổ phần mềm Kế toán Doanh nghiệp Việt Nam (Vietnam Accounting Software Co., jsc) viết tắt là VASJ được thành lập với mục tiêu đem trí tuệ của mình để làm giàu chính đáng cho bản thân và cho xã hội bằng việc cung cấp các dịch vụ Công nghệ thông tin có uy tín và chất lượng cao. 
Tài sản quí giá và là niềm tự hào của chúng tôi chính là đội ngũ nhân viên chuyên nghiệp, năng động, sáng tạo, tâm huyết, tinh thần trách nhiệm và chuyên môn cao, làm việc hết mình vì tập thể công ty và khách hàng', N'Giới thiệu', N'Uy tín', N'Chất lượng', N'An toàn', N'Tiện lợi', N'Giải pháp ', N'Hữu dụng', N'Nhanh chóng', N'Miễn phí', N'Nhanh gọn', N'#', 1, N'CÁC SẢN PHẨM VÀ DỊCH VỤ HIỆN CÓ', N'#', 0, 1, N'QUY TRÌNH LÀM VIỆC', N'/Upload/ImageDes/images/tiep_nhan_thong_tin.png', N'TIẾP NHẬN THÔNG TIN', N'Tiếp nhận thông tin từ khách hàng và tiến hành trao đổi chi tiết, liệt kê thông tin để tìm ra vấn đề mấu chốt mà khách hàng đang gặp phải.', N'/Upload/ImageDes/images/dua_giai_phap_xu_ly.png', N'ĐƯA GIẢI PHÁP, XỬ LÍ', N'Sau khi tiếp nhận và lên hồ sơ cho khách hàng, tiến hành nghiên cứu và xử lí các thông tin, đưa giải pháp tốt nhất và xử lí theo giải pháp.', N'/Upload/ImageDes/images/ho_tro_khach_hang.png', N'HỖ TRỢ KHÁCH HÀNG', N'Trong quá trình xử lí nếu khách hàng có bất kì thắc mắc chúng tôi săn sàng hỗ trợ giải đáp để đảm bảo tiến độ công việc luôn hoàn thành tốt nhất.', N'/Upload/ImageDes/images/hoan_tra_ho_so.png', N'HOÀN TRẢ HỒ SƠ', N'Sau khi vấn đề được giải quyết triệt để, tiến hành bàn giao và hướng dẫn cụ thể để khách hàng hiểu rõ cũng như thành thạo công việc.', 1, N'TIN TỨC', 1, N'VIDEO', N'WtH-gVoeico', N'/Upload/ImageDes/files/Vasj%20tham%20gia%20trien%20lam%20giang%20vo.JPG', N'Fc0XZJTWcho', N'/Upload/ImageDes/files/Vasj%20tiep%20khach%20Singapo.JPG', N'FbR87ByXIks', N'/Upload/ImageDes/files/Vasj%20du%20lich%20sa%20pa.JPG', NULL, 1, N'NHẬN XÉT KHÁCH HÀNG', 0, NULL, N'/Upload/ImageDes/images/pizi_tim_sen_1_r5_thanh_lap_doanh_nghiep_img_2.jpg', NULL, NULL, 0, NULL, NULL, NULL, NULL, 0, NULL, NULL, NULL, NULL, 0, NULL, NULL, NULL, NULL, 0, NULL, NULL, NULL, NULL, 0, NULL, NULL, NULL, NULL, 1, N'Đối Tác')
SET IDENTITY_INSERT [dbo].[Home] OFF
SET IDENTITY_INSERT [dbo].[MenuNavigation] ON 

INSERT [dbo].[MenuNavigation] ([MenuID], [Sequence], [MenuName], [IconMenu], [MenuParents], [PageStyle], [FormatPage], [GroupLink], [PageContent], [PageLink], [MetaTitle], [MetaKeyword], [MetaDescription], [CreatedAt], [Status]) VALUES (1, 1, N'Trang chủ', NULL, 0, 3, 0, NULL, NULL, N'/', NULL, NULL, NULL, CAST(N'2018-04-08T08:59:31.970' AS DateTime), 1)
INSERT [dbo].[MenuNavigation] ([MenuID], [Sequence], [MenuName], [IconMenu], [MenuParents], [PageStyle], [FormatPage], [GroupLink], [PageContent], [PageLink], [MetaTitle], [MetaKeyword], [MetaDescription], [CreatedAt], [Status]) VALUES (2, 2, N'Giới Thiệu', NULL, 0, 3, 0, NULL, NULL, NULL, NULL, NULL, NULL, CAST(N'2018-04-08T08:59:55.880' AS DateTime), 1)
INSERT [dbo].[MenuNavigation] ([MenuID], [Sequence], [MenuName], [IconMenu], [MenuParents], [PageStyle], [FormatPage], [GroupLink], [PageContent], [PageLink], [MetaTitle], [MetaKeyword], [MetaDescription], [CreatedAt], [Status]) VALUES (3, 3, N'Sản Phẩm', NULL, 0, 1, 1, 4, NULL, NULL, NULL, NULL, NULL, CAST(N'2018-04-08T09:00:43.000' AS DateTime), 1)
INSERT [dbo].[MenuNavigation] ([MenuID], [Sequence], [MenuName], [IconMenu], [MenuParents], [PageStyle], [FormatPage], [GroupLink], [PageContent], [PageLink], [MetaTitle], [MetaKeyword], [MetaDescription], [CreatedAt], [Status]) VALUES (4, 4, N'Tư Vấn Dịch Vụ', NULL, 0, 3, 0, NULL, NULL, N'#', NULL, NULL, NULL, CAST(N'2018-04-08T09:01:13.077' AS DateTime), 1)
INSERT [dbo].[MenuNavigation] ([MenuID], [Sequence], [MenuName], [IconMenu], [MenuParents], [PageStyle], [FormatPage], [GroupLink], [PageContent], [PageLink], [MetaTitle], [MetaKeyword], [MetaDescription], [CreatedAt], [Status]) VALUES (5, 5, N'Tin Tức', NULL, 0, 1, 2, 1, NULL, NULL, NULL, NULL, NULL, CAST(N'2018-04-08T09:01:35.000' AS DateTime), 1)
INSERT [dbo].[MenuNavigation] ([MenuID], [Sequence], [MenuName], [IconMenu], [MenuParents], [PageStyle], [FormatPage], [GroupLink], [PageContent], [PageLink], [MetaTitle], [MetaKeyword], [MetaDescription], [CreatedAt], [Status]) VALUES (6, 6, N'Liên Hệ', NULL, 0, 4, 0, NULL, NULL, NULL, NULL, NULL, NULL, CAST(N'2018-04-08T09:01:55.623' AS DateTime), 1)
INSERT [dbo].[MenuNavigation] ([MenuID], [Sequence], [MenuName], [IconMenu], [MenuParents], [PageStyle], [FormatPage], [GroupLink], [PageContent], [PageLink], [MetaTitle], [MetaKeyword], [MetaDescription], [CreatedAt], [Status]) VALUES (7, 1, N'VN-invoice ', NULL, 3, 1, 1, 4, NULL, NULL, NULL, NULL, NULL, CAST(N'2018-04-09T21:55:15.000' AS DateTime), 1)
INSERT [dbo].[MenuNavigation] ([MenuID], [Sequence], [MenuName], [IconMenu], [MenuParents], [PageStyle], [FormatPage], [GroupLink], [PageContent], [PageLink], [MetaTitle], [MetaKeyword], [MetaDescription], [CreatedAt], [Status]) VALUES (8, 1, N'Efy', NULL, 6, 1, 0, NULL, NULL, NULL, NULL, NULL, NULL, CAST(N'2018-05-03T22:51:32.000' AS DateTime), 1)
SET IDENTITY_INSERT [dbo].[MenuNavigation] OFF
SET IDENTITY_INSERT [dbo].[Product] ON 

INSERT [dbo].[Product] ([ProductID], [ProductName], [Alias], [Images], [CategoryID], [DescriptShort], [Content], [Content2], [Content3], [MetaTitle], [MetaKeyword], [Author], [MetaDescription], [CreatedAt], [Status]) VALUES (1, N'Giải pháp quản lý tổng thể ERP Acpinet', N'giai-phap-quan-ly-tong-the-erp-acpinet', N'/Upload/ImageDes/files/AcpiNet.png', 4, N'AcpiNet là hệ thống phần mềm giúp cho doanh nghiệp quản lý tổng thể được tích hợp đủ các công cụ quản lý vế tài chính kế toán, kế hoạch, nhân sự tiền lương...', N'<p style="box-sizing: border-box; margin: 0px; padding: 0px; line-height: 25px; color: rgb(68, 68, 68); font-size: 14px; text-align: justify;"><img alt="" src="/Upload/ImageDes/images/bannerAcpinet(1).jpg" style="width: 848px; height: 434px;" /></p>

<ul style="box-sizing: border-box; padding-right: 0px; padding-left: 15px; line-height: 25px; margin: 0px; color: rgb(68, 68, 68); font-size: 14px; text-align: justify; list-style-type: circle;">
	<li style="box-sizing: border-box; padding: 0px; line-height: 25px; text-align: justify;">AcpiNet l&agrave; hệ thống phần mềm gi&uacute;p cho doanh nghiệp quản l&yacute; c&aacute;c hoạt động chủ chốt của m&igrave;nh theo một quy tr&igrave;nh thống nhất, từ: kế to&aacute;n, ph&acirc;n t&iacute;ch t&agrave;i ch&iacute;nh, quản l&yacute; mua h&agrave;ng, quản l&yacute; tồn kho, hoạch định v&agrave; quản l&yacute; sản xuất, quản l&yacute; hậu cần, quản l&yacute; quan hệ với kh&aacute;ch h&agrave;ng, v.v...</li>
	<li style="box-sizing: border-box; padding: 0px; line-height: 25px; text-align: justify;">Mục ti&ecirc;u tổng qu&aacute;t của hệ thống n&agrave;y l&agrave; đảm bảo c&aacute;c nguồn lực t&iacute;ch hợp của doanh nghiệp như nh&acirc;n lực, vật tư, m&aacute;y m&oacute;c v&agrave; tiền bạc c&oacute; sẵn với số lượng đủ khi cần, bằng c&aacute;ch sử dụng c&aacute;c c&ocirc;ng cụ hoạch định v&agrave; l&ecirc;n kế hoạch. N&oacute; cho ph&eacute;p doanh nghiệp cung cấp v&agrave; tổng hợp số liệu của nhiều hoạt động ri&ecirc;ng rẽ kh&aacute;c nhau để đạt được mục ti&ecirc;u tr&ecirc;n</li>
	<li style="box-sizing: border-box; padding: 0px; line-height: 25px; text-align: justify;">Hệ thống bao gồm nhiều ph&acirc;n hệ, từng ph&acirc;n hệ c&oacute; thể hoạt động độc lập nhưng ch&uacute;ng c&oacute; thể kết nối với nhau để tự động chia sẻ th&ocirc;ng tin với c&aacute;c ph&acirc;n hệ kh&aacute;c nhau nhằm tạo n&ecirc;n một hệ thống mạnh hơn</li>
	<li style="box-sizing: border-box; padding: 0px; line-height: 25px; text-align: justify;">AcpiNet được x&acirc;y dựng v&agrave; ph&aacute;t triển bằng c&aacute;c c&ocirc;ng cụ hiện đại nhất, lập tr&igrave;nh tr&ecirc;n ng&ocirc;n ngữ .NET, cơ sở dữ liệu SQL Server cho ph&eacute;p cập nhật v&agrave; khai th&aacute;c dữ liệu qua mạng Internet. Hỗ trợ Unicode, cho ph&eacute;p nhập nhiều ng&ocirc;n ngữ tr&ecirc;n c&ugrave;ng một d&ograve;ng dữ liệu.</li>
</ul>

<p style="box-sizing: border-box; margin: 0px; padding: 0px; line-height: 25px; color: rgb(68, 68, 68); font-size: 14px; text-align: justify;"><img alt="" src="/Upload/ImageDes/images/ERP01(1).png" style="width: 848px; height: 678px;" /></p>

<p style="box-sizing: border-box; margin: 0px; padding: 0px; line-height: 25px; color: rgb(68, 68, 68); font-size: 14px; text-align: center;"><strong style="box-sizing: border-box; padding: 0px; line-height: 25px;">(M&ocirc; h&igrave;nh quản l&yacute; v&agrave; li&ecirc;n kết dữ liệu giữa c&aacute;c ph&ograve;ng ban)</strong></p>

<p style="box-sizing: border-box; margin: 0px; padding: 0px; line-height: 25px; color: rgb(68, 68, 68); font-size: 14px; text-align: justify;"><img alt="" src="/Upload/ImageDes/images/ERP02(1).png" style="width: 848px; height: 555px;" /></p>

<p style="box-sizing: border-box; margin: 0px; padding: 0px; line-height: 25px; color: rgb(68, 68, 68); font-size: 14px; text-align: center;"><strong style="box-sizing: border-box; padding: 0px; line-height: 25px;">(M&ocirc; h&igrave;nh chạy online cho nhiều điểm, nhiều chi nh&aacute;nh)</strong></p>

<p style="box-sizing: border-box; margin: 0px; padding: 0px; line-height: 25px; color: rgb(68, 68, 68); font-size: 14px; text-align: justify;"><img alt="" src="/Upload/ImageDes/images/ERP03(1).png" style="width: 848px; height: 654px;" /></p>

<p style="box-sizing: border-box; margin: 0px; padding: 0px; line-height: 25px; color: rgb(68, 68, 68); font-size: 14px; text-align: center;"><strong style="box-sizing: border-box; padding: 0px; line-height: 25px;">(M&ocirc; h&igrave;nh kiểm tra v&agrave; xem b&aacute;o c&aacute;o khi đi ra b&ecirc;n ngo&agrave;i)</strong></p>
', N'<p style="box-sizing: border-box; margin: 0px; padding: 0px; line-height: 25px; color: rgb(68, 68, 68); font-family: MyriadPro; font-size: 14px; text-align: justify;"><strong style="color: rgb(68, 68, 68); font-family: MyriadPro; font-size: 14px; text-align: center; box-sizing: border-box; padding: 0px; line-height: 25px;"><img alt="" src="/Upload/ImageDes/images/ERP04%20So%20do%20tong%20quan(1).png" style="width: 651px; height: 705px;" /></strong></p>

<p style="box-sizing: border-box; margin: 0px; padding: 0px; line-height: 25px; color: rgb(68, 68, 68); font-family: MyriadPro; font-size: 14px; text-align: justify;"><span style="box-sizing: border-box; padding: 0px; line-height: 25px; color: rgb(0, 0, 128);"><strong style="box-sizing: border-box; padding: 0px; line-height: 25px;">1. HỆ THỐNG</strong></span></p>

<p class="txttext" style="box-sizing: border-box; margin: 0px; padding: 0px; line-height: 25px; color: rgb(68, 68, 68); font-family: MyriadPro; font-size: 14px; text-align: justify;">Ph&acirc;n hệ thống quản l&yacute;, li&ecirc;n kết v&agrave; gi&aacute;m s&aacute;t mọi hoạt động của c&aacute;c phần h&agrave;nh trong AcpiNet. N&oacute; đảm bảo việc đăng nhập của người d&ugrave;ng, hoạt động của mỗi chức năng đều được kiểm so&aacute;t v&agrave; lưu lại.</p>

<ul style="box-sizing: border-box; padding-right: 0px; padding-left: 15px; line-height: 25px; margin: 0px; color: rgb(68, 68, 68); font-family: MyriadPro; font-size: 14px; text-align: justify;">
	<li class="txttext" style="box-sizing: border-box; padding: 0px; line-height: 25px;"><strong style="box-sizing: border-box; padding: 0px; line-height: 25px;">Chức năng ch&iacute;nh</strong>

	<ul style="box-sizing: border-box; padding-right: 0px; padding-left: 15px; line-height: 25px; margin: 0px;">
		<li class="txttext" style="box-sizing: border-box; padding: 0px; line-height: 25px; text-align: justify;">Quản l&yacute; v&agrave; ph&acirc;n quyền người sử dụng, c&oacute; thể ph&acirc;n quyền truy cập c&aacute;c chức năng, quyền t&aacute;c động l&ecirc;n danh mục v&agrave; chứng từ (quyền nhập/sửa/xo&aacute;)</li>
	</ul>

	<ul style="box-sizing: border-box; padding-right: 0px; padding-left: 15px; line-height: 25px; margin: 0px;">
		<li class="txttext" style="box-sizing: border-box; padding: 0px; line-height: 25px;">Khai b&aacute;o th&ecirc;m, bớt c&aacute;c đơn vị cơ sở hạch to&aacute;n độc lập, phụ thuộc hoặc tổng hợp to&agrave;n ng&agrave;nh theo m&ocirc; h&igrave;nh Tổng C&ocirc;ng ty.</li>
	</ul>

	<ul style="box-sizing: border-box; padding-right: 0px; padding-left: 15px; line-height: 25px; margin: 0px;">
		<li class="txttext" style="box-sizing: border-box; padding: 0px; line-height: 25px;">Khai b&aacute;o th&ecirc;m, bớt c&aacute;c bộ phận hạch to&aacute;n trong đơn vị cơ sở(C&ocirc;ng ty, chi nh&aacute;nh)</li>
	</ul>

	<ul style="box-sizing: border-box; padding-right: 0px; padding-left: 15px; line-height: 25px; margin: 0px;">
		<li class="txttext" style="box-sizing: border-box; padding: 0px; line-height: 25px;">Khai b&aacute;o c&aacute;c tham số tuỳ chọn để ph&ugrave; hợp với đặc th&ugrave; của từng doanh nghiệp.</li>
	</ul>

	<ul style="box-sizing: border-box; padding-right: 0px; padding-left: 15px; line-height: 25px; margin: 0px;">
		<li class="txttext" style="box-sizing: border-box; padding: 0px; line-height: 25px;">Kiểm tra t&iacute;nh đồng bộ v&agrave; t&iacute;nh đ&uacute;ng đắn của số liệu.</li>
	</ul>

	<ul style="box-sizing: border-box; padding-right: 0px; padding-left: 15px; line-height: 25px; margin: 0px;">
		<li class="txttext" style="box-sizing: border-box; padding: 0px; line-height: 25px;">Lưu trữ số liệu định kỳ.</li>
	</ul>

	<ul style="box-sizing: border-box; padding-right: 0px; padding-left: 15px; line-height: 25px; margin: 0px;">
		<li class="txttext" style="box-sizing: border-box; padding: 0px; line-height: 25px;">Kho&aacute; hoặc mở dữ liệu th&aacute;ng (kh&ocirc;ng cho ph&eacute;p sửa đổi / cho ph&eacute;p sửa đổi số liệu).</li>
	</ul>

	<ul style="box-sizing: border-box; padding-right: 0px; padding-left: 15px; line-height: 25px; margin: 0px;">
		<li class="txttext" style="box-sizing: border-box; padding: 0px; line-height: 25px;">Chọn năm l&agrave;m việc (l&agrave;m việc với số liệu của năm n&agrave;o)</li>
	</ul>

	<ul style="box-sizing: border-box; padding-right: 0px; padding-left: 15px; line-height: 25px; margin: 0px;">
		<li class="txttext" style="box-sizing: border-box; padding: 0px; line-height: 25px;">Chọn đơn vị cơ sở l&agrave;m việc (l&agrave;m việc với số liệu của đơn vị, bộ phận n&agrave;o)</li>
	</ul>

	<ul style="box-sizing: border-box; padding-right: 0px; padding-left: 15px; line-height: 25px; margin: 0px;">
		<li class="txttext" style="box-sizing: border-box; padding: 0px; line-height: 25px; text-align: justify;">Hướng dẫn sử dụng chương tr&igrave;nh.</li>
	</ul>
	</li>
</ul>

<p style="box-sizing: border-box; margin: 0px; padding: 0px; line-height: 25px; color: rgb(68, 68, 68); font-family: MyriadPro; font-size: 14px; text-align: justify;"><span style="box-sizing: border-box; padding: 0px; line-height: 25px; color: rgb(0, 0, 128);"><strong style="box-sizing: border-box; padding: 0px; line-height: 25px;">2. KẾ TO&Aacute;N TỔNG HỢP</strong></span></p>

<div class="sanpham2" style="box-sizing: border-box; padding: 0px; line-height: 25px; color: rgb(68, 68, 68); font-family: MyriadPro; font-size: 14px; text-align: justify;">
<p class="txttext" style="box-sizing: border-box; margin: 0px; padding: 0px; line-height: 25px;">Ph&acirc;n hệ kế to&aacute;n tổng hợp l&agrave; nền tảng của hệ thống kế to&aacute;n, được thiết kế mềm dẻo để đ&aacute;p ứng đ&aacute;p ứng y&ecirc;u cầu của c&aacute;c c&ocirc;ng ty c&oacute; quy m&ocirc; v&agrave; m&ocirc; h&igrave;nh kh&aacute;c nhau. N&oacute; cung cấp nhiều chức năng phục vụ cho việc hoạch định kế hoạch v&agrave; c&aacute;c quy tr&igrave;nh xử l&yacute; cần thiết. Ph&acirc;n hệ kế to&aacute;n tổng hợp li&ecirc;n kết với tất cả c&aacute;c ph&acirc;n hệ của hệ thống, nơi cung cấp đầy đủ v&agrave; ch&iacute;nh x&aacute;c c&aacute;c dữ liệu t&agrave;i ch&iacute;nh.</p>
</div>

<ul style="box-sizing: border-box; padding-right: 0px; padding-left: 15px; line-height: 25px; margin: 0px; color: rgb(68, 68, 68); font-family: MyriadPro; font-size: 14px; text-align: justify;">
	<li class="sanpham2" style="box-sizing: border-box; padding: 0px; line-height: 25px;">&nbsp;<strong style="box-sizing: border-box; padding: 0px; line-height: 25px;">C&aacute;c chức năng ch&iacute;nh</strong>

	<ul style="box-sizing: border-box; padding-right: 0px; padding-left: 15px; line-height: 25px; margin: 0px;">
		<li style="box-sizing: border-box; padding: 0px; line-height: 25px; text-align: justify;">Cập nhật c&aacute;c chứng từ kế to&aacute;n tổng qu&aacute;t, ph&acirc;n bổ, kết chuyển tự động.</li>
		<li style="box-sizing: border-box; padding: 0px; line-height: 25px; text-align: justify;">Tạo v&agrave; quản l&yacute; danh mục t&agrave;i khoản, độ d&agrave;i số hiệu c&aacute;c t&agrave;i khoản cho ph&eacute;p 20 k&yacute; tự.</li>
		<li style="box-sizing: border-box; padding: 0px; line-height: 25px; text-align: justify;">Trang th&aacute;i của t&agrave;i khoản Sử dụng/Kh&ocirc;ng sử dụng, cho ph&eacute;p quản l&yacute; v&agrave; in lại số liệu của c&aacute;c t&agrave;i khoản kh&ocirc;ng c&ograve;n sử dụng.</li>
		<li style="box-sizing: border-box; padding: 0px; line-height: 25px; text-align: justify;">Quản l&yacute; v&agrave; ph&acirc;n chia c&aacute;c kỳ kế to&aacute;n, thực hiện c&aacute;c c&ocirc;ng việc kho&aacute; sổ cuối kỳ.</li>
		<li style="box-sizing: border-box; padding: 0px; line-height: 25px; text-align: justify;">Khai b&aacute;o quy tr&igrave;nh v&agrave; thực hiện việc chuyển số liệu từ c&aacute;c ph&acirc;n hệ v&agrave;o số c&aacute;i.</li>
		<li style="box-sizing: border-box; padding: 0px; line-height: 25px; text-align: justify;">Từ sổ nhật k&yacute; v&agrave; số c&aacute;i c&oacute; thể truy ngược lại c&aacute;c chứng từ gốc</li>
		<li style="box-sizing: border-box; padding: 0px; line-height: 25px; text-align: justify;">Thực hiện kho&aacute; số liệu, kh&ocirc;ng cho ph&eacute;p người d&ugrave;ng thay đổi khi số liệu đ&atilde; được chuyển l&ecirc;n sổ c&aacute;i</li>
		<li style="box-sizing: border-box; padding: 0px; line-height: 25px; text-align: justify;">Khai b&aacute;o định mức/kế hoạch ng&acirc;n s&aacute;ch cho từng t&agrave;i khoản v&agrave; c&aacute;c đối tượng. Tự động tạo số kế hoạch theo số thực tế của kỳ kế to&aacute;n do người d&ugrave;ng lựa chọn.</li>
		<li style="box-sizing: border-box; padding: 0px; line-height: 25px; text-align: justify;">Cho ph&eacute;p chuyển/huỷ chuyển c&aacute;c b&uacute;t to&aacute;n từ c&aacute;c ph&acirc;n hệ kh&aacute;c v&agrave;o sổ c&aacute;i.</li>
	</ul>
	</li>
</ul>

<div style="box-sizing: border-box; padding: 0px; line-height: 25px; color: rgb(68, 68, 68); font-family: MyriadPro; font-size: 14px; text-align: justify;">
<div class="sanpham1" style="box-sizing: border-box; padding: 0px; line-height: 25px;"><span style="box-sizing: border-box; padding: 0px; line-height: 25px; color: rgb(0, 0, 128);"><strong style="box-sizing: border-box; padding: 0px; line-height: 25px;">3. TIỀN MẶT - NG&Acirc;N H&Agrave;NG</strong></span></div>

<div class="sanpham1" style="box-sizing: border-box; padding: 0px; line-height: 25px;">Ph&acirc;n hệ kế to&aacute;n Tiền mặt, tiền gửi ng&acirc;n h&agrave;ng d&ugrave;ng thực hiện v&agrave; quản l&yacute; c&aacute;c hoạt động thu, chi, thanh to&aacute;n, chuyển khoản,... li&ecirc;n quan đến tiền mặt, tiền gửi ng&acirc;n h&agrave;ng hoặc tiền vay bằng đồng nội tệ hoặc ngoại tệ để đưa ra c&aacute;c b&aacute;o c&aacute;o về quỹ tiền mặt, tiền gửi v&agrave; tiền vay.</div>

<div class="sanpham1" style="box-sizing: border-box; padding: 0px; line-height: 25px;">
<p style="box-sizing: border-box; margin: 0px; padding: 0px; line-height: 25px;"><strong style="color: rgb(68, 68, 68); font-family: MyriadPro; font-size: 14px; text-align: center; box-sizing: border-box; padding: 0px; line-height: 25px;"><img alt="" src="/Upload/ImageDes/images/ERP05%20Phan%20he%20tien%20mat(1).png" style="width: 848px; height: 286px;" /></strong></p>

<ul style="box-sizing: border-box; padding-right: 0px; padding-left: 15px; line-height: 25px; margin: 0px;">
	<li style="box-sizing: border-box; padding: 0px; line-height: 25px; text-align: justify;"><strong style="box-sizing: border-box; padding: 0px; line-height: 25px;">Chức năng ch&iacute;nh</strong>

	<ul style="box-sizing: border-box; padding-right: 0px; padding-left: 15px; line-height: 25px; margin: 0px;">
		<li class="txttext" style="box-sizing: border-box; padding: 0px; line-height: 25px;">Ph&acirc;n hệ n&agrave;y d&ugrave;ng để cập nhật chứng từ thu, chi theo kh&aacute;ch h&agrave;ng, hợp đồng h&oacute;a đơn mua b&aacute;n v&agrave; theo c&aacute;c khoản mục chi ph&iacute; từ quỹ tiền mặt hoặc tiền gửi ng&acirc;n h&agrave;ng.</li>
		<li class="txttext" style="box-sizing: border-box; padding: 0px; line-height: 25px;">Cho ph&eacute;p in từ chương tr&igrave;nh c&aacute;c mẫu Phiếu thu, Phiếu chi, Ủy nhiệm chi theo mẫu đặc th&ugrave; v&agrave; người d&ugrave;ng c&oacute; thể chỉnh sửa lại. Hệ thống c&oacute; sẵn nhiều mẫu Ủy nhiệm chi theo quy định của c&aacute;c ng&acirc;n h&agrave;ng.</li>
		<li class="txttext" style="box-sizing: border-box; padding: 0px; line-height: 25px;">Hệ thống cho ph&eacute;p thu, chi tiền cho nhiều đối tượng kh&aacute;ch h&agrave;ng, nh&agrave; cung cấp tr&ecirc;n c&ugrave;ng một chứng từ thu hoặc chi.</li>
		<li class="txttext" style="box-sizing: border-box; padding: 0px; line-height: 25px;">Chương tr&igrave;nh cho ph&eacute;p theo d&otilde;i tạm ứng v&agrave; thực hiện thanh to&aacute;n theo từng khoản tạm ứng.</li>
		<li class="txttext" style="box-sizing: border-box; padding: 0px; line-height: 25px;">Cập nhật, theo d&otilde;i v&agrave; quản l&yacute; c&aacute;c khế ước vay tiền ng&acirc;n h&agrave;ng, khoản vay của c&aacute;c c&aacute; nh&acirc;n, đơn vị. Hệ thống t&iacute;nh l&atilde;i theo từng khoản khế ước v&agrave; khoản vay.</li>
	</ul>
	</li>
</ul>

<p style="box-sizing: border-box; margin: 0px; padding: 0px; line-height: 25px;"><span style="box-sizing: border-box; padding: 0px; line-height: 25px; color: rgb(0, 0, 128);">&nbsp;<strong style="box-sizing: border-box; padding: 0px; line-height: 25px;">4. B&Aacute;N H&Agrave;NG</strong></span></p>

<div class="sanpham2" style="box-sizing: border-box; padding: 0px; line-height: 25px;">
<p style="box-sizing: border-box; margin: 0px; padding: 0px; line-height: 25px;">Ph&acirc;n hệ quản l&yacute; b&aacute;n h&agrave;ng quản l&yacute; to&agrave;n bộ hoạt động của quy tr&igrave;nh b&aacute;n h&agrave;ng, từ kh&acirc;u tiếp nhận đơn h&agrave;ng, xử l&yacute;, chấp nhận, thu tiền, chuyển h&agrave;ng đến khi xuất ho&aacute; đơn. Người d&ugrave;ng c&oacute; thể định nghĩa v&agrave; quyết định lại c&aacute;c bước quy tr&igrave;nh cho ph&ugrave; với doanh nghiệp của m&igrave;nh.</p>

<p style="box-sizing: border-box; margin: 0px; padding: 0px; line-height: 25px;"><img alt="" src="/Upload/ImageDes/images/ERP06%20Phan%20he%20ban%20hang.png" style="color: rgb(68, 68, 68); font-family: MyriadPro; font-size: 14px; text-align: center; width: 848px; height: 450px;" /></p>
</div>

<div class="sanpham2" style="box-sizing: border-box; padding: 0px; line-height: 25px;">
<ul style="box-sizing: border-box; padding-right: 0px; padding-left: 15px; line-height: 25px; margin: 0px;">
	<li class="txttext" style="box-sizing: border-box; padding: 0px; line-height: 25px;"><strong style="box-sizing: border-box; padding: 0px; line-height: 25px;">C&aacute;c chức năng ch&iacute;nh</strong>

	<div class="sanpham3" style="box-sizing: border-box; padding: 0px; line-height: 25px;">
	<ul style="box-sizing: border-box; padding-right: 0px; padding-left: 15px; line-height: 25px; margin: 0px;">
		<li class="txttext" style="box-sizing: border-box; padding: 0px; line-height: 25px;">Cập nhật Đơn h&agrave;ng, Phiếu giao h&agrave;ng, Ho&aacute; đơn, H&agrave;ng b&aacute;n bị trả lại</li>
	</ul>
	</div>

	<div class="sanpham3" style="box-sizing: border-box; padding: 0px; line-height: 25px;">
	<ul style="box-sizing: border-box; padding-right: 0px; padding-left: 15px; line-height: 25px; margin: 0px;">
		<li class="txttext" style="box-sizing: border-box; padding: 0px; line-height: 25px;">Quản l&yacute; c&aacute;c kh&aacute;ch h&agrave;ng, c&aacute;c địa chỉ giao h&agrave;ng của kh&aacute;ch h&agrave;ng</li>
	</ul>
	</div>

	<div class="sanpham3" style="box-sizing: border-box; padding: 0px; line-height: 25px;">
	<ul style="box-sizing: border-box; padding-right: 0px; padding-left: 15px; line-height: 25px; margin: 0px;">
		<li class="txttext" style="box-sizing: border-box; padding: 0px; line-height: 25px;">Theo d&otilde;i c&aacute;c nh&agrave; vận tải, c&aacute;c phương tiện vận tải khi giao h&agrave;ng</li>
	</ul>
	</div>

	<div class="sanpham3" style="box-sizing: border-box; padding: 0px; line-height: 25px;">
	<ul style="box-sizing: border-box; padding-right: 0px; padding-left: 15px; line-height: 25px; margin: 0px;">
		<li class="txttext" style="box-sizing: border-box; padding: 0px; line-height: 25px;">Theo d&otilde;i cung đường vận tải, khoảng c&aacute;ch v&agrave; đơn gi&aacute; vận tải</li>
	</ul>
	</div>

	<div class="sanpham3" style="box-sizing: border-box; padding: 0px; line-height: 25px;">
	<ul style="box-sizing: border-box; padding-right: 0px; padding-left: 15px; line-height: 25px; margin: 0px;">
		<li class="txttext" style="box-sizing: border-box; padding: 0px; line-height: 25px; text-align: justify;">Theo d&otilde;i v&agrave; t&iacute;nh chiết khấu theo nhiều phương &aacute;n, cho ph&eacute;p khai b&aacute;o đến 15 mức chiết khấu tr&ecirc;n một mặt h&agrave;ng</li>
	</ul>
	</div>

	<div class="sanpham3" style="box-sizing: border-box; padding: 0px; line-height: 25px;">
	<ul style="box-sizing: border-box; padding-right: 0px; padding-left: 15px; line-height: 25px; margin: 0px;">
		<li class="txttext" style="box-sizing: border-box; padding: 0px; line-height: 25px;">Theo d&otilde;i h&agrave;ng khuyến mại v&agrave; h&agrave;ng trả chiết khấu</li>
	</ul>
	</div>

	<div class="sanpham3" style="box-sizing: border-box; padding: 0px; line-height: 25px;">
	<ul style="box-sizing: border-box; padding-right: 0px; padding-left: 15px; line-height: 25px; margin: 0px;">
		<li class="txttext" style="box-sizing: border-box; padding: 0px; line-height: 25px;">Theo d&otilde;i b&aacute;n h&agrave;ng theo bộ phận v&agrave; nh&acirc;n vi&ecirc;n b&aacute;n h&agrave;ng</li>
	</ul>
	</div>

	<div class="sanpham3" style="box-sizing: border-box; padding: 0px; line-height: 25px;">
	<ul style="box-sizing: border-box; padding-right: 0px; padding-left: 15px; line-height: 25px; margin: 0px;">
		<li class="txttext" style="box-sizing: border-box; padding: 0px; line-height: 25px;">Theo d&otilde;i việc thực hiện đơn h&agrave;ng/xuất h&agrave;ng/ho&aacute; đơn theo hợp đồng</li>
	</ul>
	</div>

	<div class="sanpham3" style="box-sizing: border-box; padding: 0px; line-height: 25px;">
	<ul style="box-sizing: border-box; padding-right: 0px; padding-left: 15px; line-height: 25px; margin: 0px;">
		<li class="txttext" style="box-sizing: border-box; padding: 0px; line-height: 25px;">Theo d&otilde;i c&aacute;c khoản chi ph&iacute; ph&aacute;t sinh như chi ph&iacute; bốc xếp, chi ph&iacute; đ&oacute;ng g&oacute;i&hellip;</li>
	</ul>
	</div>

	<div class="sanpham3" style="box-sizing: border-box; padding: 0px; line-height: 25px;">
	<ul style="box-sizing: border-box; padding-right: 0px; padding-left: 15px; line-height: 25px; margin: 0px;">
		<li class="txttext" style="box-sizing: border-box; padding: 0px; line-height: 25px; text-align: justify;">Theo d&otilde;i theo thời hạn thanh to&aacute;n của từng ho&aacute; đơn, tự động t&iacute;nh l&atilde;i qu&aacute; hạn, t&iacute;nh chiết khấu t&agrave;i ch&iacute;nh cho việc thanh to&aacute;n sớm</li>
	</ul>
	</div>
	</li>
</ul>
</div>
</div>

<div class="sanpham1" style="box-sizing: border-box; padding: 0px; line-height: 25px;">
<p style="box-sizing: border-box; margin: 0px; padding: 0px; line-height: 25px;"><span style="box-sizing: border-box; padding: 0px; line-height: 25px; color: rgb(0, 0, 128);"><strong style="box-sizing: border-box; padding: 0px; line-height: 25px;">5. MUA H&Agrave;NG</strong></span></p>

<div class="sanpham2" style="box-sizing: border-box; padding: 0px; line-height: 25px;">
<p style="box-sizing: border-box; margin: 0px; padding: 0px; line-height: 25px;">Ph&acirc;n hệ quản l&yacute; mua h&agrave;ng quản l&yacute; to&agrave;n bộ hoạt động của quy tr&igrave;nh mua h&agrave;ng, từ kh&acirc;u lập y&ecirc;u cầu mua h&agrave;ng, đơn đặt h&agrave;ng, chọn nh&agrave; cung cấp, nhập h&agrave;ng v&agrave; thanh to&aacute;n</p>

<p style="box-sizing: border-box; margin: 0px; padding: 0px; line-height: 25px;"><img alt="" src="/Upload/ImageDes/images/ERP07%20Phan%20he%20mua%20hang(1).png" style="color: rgb(68, 68, 68); font-family: MyriadPro; font-size: 14px; text-align: center; width: 848px; height: 590px;" /></p>
</div>

<div class="sanpham2" style="box-sizing: border-box; padding: 0px; line-height: 25px;">
<ul style="box-sizing: border-box; padding-right: 0px; padding-left: 15px; line-height: 25px; margin: 0px;">
	<li class="txttext" style="box-sizing: border-box; padding: 0px; line-height: 25px;"><strong style="box-sizing: border-box; padding: 0px; line-height: 25px;">C&aacute;c chức năng ch&iacute;nh</strong>

	<div class="sanpham3" style="box-sizing: border-box; padding: 0px; line-height: 25px;">
	<ul style="box-sizing: border-box; padding-right: 0px; padding-left: 15px; line-height: 25px; margin: 0px;">
		<li class="txttext" style="box-sizing: border-box; padding: 0px; line-height: 25px;">Cập nhật y&ecirc;u cầu mua h&agrave;ng, đơn đặt h&agrave;ng, nhập h&agrave;ng, trả lại h&agrave;ng</li>
	</ul>
	</div>

	<div class="sanpham3" style="box-sizing: border-box; padding: 0px; line-height: 25px;">
	<ul style="box-sizing: border-box; padding-right: 0px; padding-left: 15px; line-height: 25px; margin: 0px;">
		<li class="txttext" style="box-sizing: border-box; padding: 0px; line-height: 25px;">Quản l&yacute; c&aacute;c nh&agrave; cung cấp</li>
	</ul>
	</div>

	<div class="sanpham3" style="box-sizing: border-box; padding: 0px; line-height: 25px;">
	<ul style="box-sizing: border-box; padding-right: 0px; padding-left: 15px; line-height: 25px; margin: 0px;">
		<li class="txttext" style="box-sizing: border-box; padding: 0px; line-height: 25px;">Tự động tạo y&ecirc;u cầu mua h&agrave;ng từ số lượng tồn kho thực tế v&agrave; tồn kho định mức</li>
	</ul>
	</div>

	<div class="sanpham3" style="box-sizing: border-box; padding: 0px; line-height: 25px;">
	<ul style="box-sizing: border-box; padding-right: 0px; padding-left: 15px; line-height: 25px; margin: 0px;">
		<li class="txttext" style="box-sizing: border-box; padding: 0px; line-height: 25px;">Tự động cập nhật số tiền thanh to&aacute;n, số lượng h&agrave;ng đ&atilde; giao cho từng đơn h&agrave;ng</li>
	</ul>
	</div>

	<div class="sanpham3" style="box-sizing: border-box; padding: 0px; line-height: 25px;">
	<ul style="box-sizing: border-box; padding-right: 0px; padding-left: 15px; line-height: 25px; margin: 0px;">
		<li class="txttext" style="box-sizing: border-box; padding: 0px; line-height: 25px;">C&oacute; thể li&ecirc;n kế từ 1 đơn h&agrave;ng đến nhiều phiếu nhập v&agrave; một phiếu nhập cho nhiều đơn h&agrave;ng</li>
	</ul>
	</div>
	</li>
</ul>
</div>
</div>

<div class="sanpham1" style="box-sizing: border-box; padding: 0px; line-height: 25px;">
<p style="box-sizing: border-box; margin: 0px; padding: 0px; line-height: 25px;"><span style="box-sizing: border-box; padding: 0px; line-height: 25px; color: rgb(0, 0, 128);"><strong style="box-sizing: border-box; padding: 0px; line-height: 25px;">6. H&Agrave;NG TỒN KHO</strong></span></p>

<p style="box-sizing: border-box; margin: 0px; padding: 0px; line-height: 25px;">Quản l&yacute; chi tiết c&aacute;c mặt h&agrave;ng trong kho, quản l&yacute; chi tiết c&aacute;c th&ocirc;ng tin như k&iacute;ch cỡ, y&ecirc;u cầu kỹ thuật v&agrave; vị tr&iacute; h&agrave;ng trong kho. Cập nhật v&agrave; lưu vết c&aacute;c qu&aacute; tr&igrave;nh nhập kho, xuất kho, chuyển kho, chuyển vị tr&iacute; trong kho, điều chỉnh v&agrave; kiểm k&ecirc; kho. Đ&aacute;nh gi&aacute; gi&aacute; trị h&agrave;ng tồn kho theo nhiều phương ph&aacute;p kh&aacute;c nhau . Cung cấp c&aacute;c b&aacute;o c&aacute;o nhập, xuất, tồn phục vụ cho việc quản l&yacute; kho.</p>

<p style="box-sizing: border-box; margin: 0px; padding: 0px; line-height: 25px;"><img alt="" src="/Upload/ImageDes/images/ERP08%20Phan%20he%20ke%20toan%20hang%20ton%20kho(1).png" style="color: rgb(68, 68, 68); font-family: MyriadPro; font-size: 14px; text-align: center; width: 848px; height: 407px;" /></p>

<div class="sanpham2" style="box-sizing: border-box; padding: 0px; line-height: 25px;">
<ul style="box-sizing: border-box; padding-right: 0px; padding-left: 15px; line-height: 25px; margin: 0px;">
	<li class="txttext" style="box-sizing: border-box; padding: 0px; line-height: 25px;"><strong style="box-sizing: border-box; padding: 0px; line-height: 25px;">C&aacute;c chức năng ch&iacute;nh</strong>

	<div class="sanpham3" style="box-sizing: border-box; padding: 0px; line-height: 25px;">
	<ul style="box-sizing: border-box; padding-right: 0px; padding-left: 15px; line-height: 25px; margin: 0px;">
		<li class="txttext" style="box-sizing: border-box; padding: 0px; line-height: 25px;">Cập nhật c&aacute;c chứng từ nhập kho, xuất kho, chuyển kho, chuyển vị tr&iacute;, điều chỉnh v&agrave; đ&aacute;nh gi&aacute;.</li>
	</ul>
	</div>

	<div class="sanpham3" style="box-sizing: border-box; padding: 0px; line-height: 25px;">
	<ul style="box-sizing: border-box; padding-right: 0px; padding-left: 15px; line-height: 25px; margin: 0px;">
		<li class="txttext" style="box-sizing: border-box; padding: 0px; line-height: 25px;">Tạo bảng v&agrave; cập nhật số liệu kiểm k&ecirc;.</li>
	</ul>
	</div>

	<div class="sanpham3" style="box-sizing: border-box; padding: 0px; line-height: 25px;">
	<ul style="box-sizing: border-box; padding-right: 0px; padding-left: 15px; line-height: 25px; margin: 0px;">
		<li class="txttext" style="box-sizing: border-box; padding: 0px; line-height: 25px;">Quản l&yacute; c&aacute;c mặt h&agrave;ng theo d&otilde;i v&agrave; kh&ocirc;ng theo d&otilde;i tồn kho.</li>
	</ul>
	</div>

	<div class="sanpham3" style="box-sizing: border-box; padding: 0px; line-height: 25px;">
	<ul style="box-sizing: border-box; padding-right: 0px; padding-left: 15px; line-height: 25px; margin: 0px;">
		<li class="txttext" style="box-sizing: border-box; padding: 0px; line-height: 25px;">Khai b&aacute;o danh mục kho h&agrave;ng, nh&oacute;m h&agrave;ng, mặt h&agrave;ng&hellip;</li>
	</ul>
	</div>

	<div class="sanpham3" style="box-sizing: border-box; padding: 0px; line-height: 25px;">
	<ul style="box-sizing: border-box; padding-right: 0px; padding-left: 15px; line-height: 25px; margin: 0px;">
		<li class="txttext" style="box-sizing: border-box; padding: 0px; line-height: 25px;">Quản l&yacute; đơn vị t&iacute;nh mua, đơn vị t&iacute;nh b&aacute;n, đơn vị t&iacute;nh tồn kho v&agrave; c&aacute;c đơn vị t&iacute;nh tự do kh&aacute;c, kh&ocirc;ng giới hạn số đơn vị t&iacute;nh.</li>
	</ul>
	</div>

	<div class="sanpham3" style="box-sizing: border-box; padding: 0px; line-height: 25px;">
	<ul style="box-sizing: border-box; padding-right: 0px; padding-left: 15px; line-height: 25px; margin: 0px;">
		<li class="txttext" style="box-sizing: border-box; padding: 0px; line-height: 25px;">Theo d&otilde;i h&agrave;ng theo m&atilde; vạch (barcode)</li>
	</ul>
	</div>

	<div class="sanpham3" style="box-sizing: border-box; padding: 0px; line-height: 25px;">
	<ul style="box-sizing: border-box; padding-right: 0px; padding-left: 15px; line-height: 25px; margin: 0px;">
		<li class="txttext" style="box-sizing: border-box; padding: 0px; line-height: 25px;">Theo tồn kho theo kho, theo vị tr&iacute;, theo l&ocirc;.</li>
	</ul>
	</div>

	<div class="sanpham3" style="box-sizing: border-box; padding: 0px; line-height: 25px;">
	<ul style="box-sizing: border-box; padding-right: 0px; padding-left: 15px; line-height: 25px; margin: 0px;">
		<li class="txttext" style="box-sizing: border-box; padding: 0px; line-height: 25px;">T&iacute;nh gi&aacute; h&agrave;ng tồn kho theo c&aacute;c phương ph&aacute;p Trung b&igrave;nh th&aacute;ng, trung b&igrave;nh di động, đ&iacute;ch danh, nhập trước xuất trước.</li>
	</ul>
	</div>

	<div class="sanpham3" style="box-sizing: border-box; padding: 0px; line-height: 25px;">
	<ul style="box-sizing: border-box; padding-right: 0px; padding-left: 15px; line-height: 25px; margin: 0px;">
		<li class="txttext" style="box-sizing: border-box; padding: 0px; line-height: 25px;">Từ b&aacute;o c&aacute;o c&oacute; thể tra ngược về c&aacute;c giao dịch, kể cả c&aacute;c giao dịch được chuyển từ c&aacute;c ph&acirc;n hệ b&aacute;n h&agrave;ng hay mua h&agrave;ng.</li>
	</ul>
	</div>
	</li>
</ul>
</div>
</div>

<div class="sanpham1" style="box-sizing: border-box; padding: 0px; line-height: 25px;">
<p style="box-sizing: border-box; margin: 0px; padding: 0px; line-height: 25px;"><span style="box-sizing: border-box; padding: 0px; line-height: 25px; color: rgb(0, 0, 128);"><strong style="box-sizing: border-box; padding: 0px; line-height: 25px;">7. C&Ocirc;NG NỢ PHẢI THU</strong></span></p>

<div class="sanpham2" style="box-sizing: border-box; padding: 0px; line-height: 25px;">
<p style="box-sizing: border-box; margin: 0px; padding: 0px; line-height: 25px;">Ph&acirc;n hệ quản l&yacute; c&ocirc;ng nợ phải thu quản l&yacute; c&aacute;c th&ocirc;ng tin về kh&aacute;ch h&agrave;ng, c&aacute;c giao dịch mua b&aacute;n với kh&aacute;ch h&agrave;ng, số ph&aacute;t sinh v&agrave; số dư của kh&aacute;ch h&agrave;ng. Cho ph&eacute;p g&aacute;n c&aacute;c phiếu thu với c&aacute;c ho&aacute; đơn, li&ecirc;n kết số liệu với ph&acirc;n hệ b&aacute;n h&agrave;ng, tiền mặt-tiền gửi.</p>
</div>

<div class="sanpham2" style="box-sizing: border-box; padding: 0px; line-height: 25px;">
<ul style="box-sizing: border-box; padding-right: 0px; padding-left: 15px; line-height: 25px; margin: 0px;">
	<li class="txttext" style="box-sizing: border-box; padding: 0px; line-height: 25px;"><strong style="box-sizing: border-box; padding: 0px; line-height: 25px;">C&aacute;c chức năng ch&iacute;nh</strong>

	<div class="sanpham3" style="box-sizing: border-box; padding: 0px; line-height: 25px;">
	<ul style="box-sizing: border-box; padding-right: 0px; padding-left: 15px; line-height: 25px; margin: 0px;">
		<li class="txttext" style="box-sizing: border-box; padding: 0px; line-height: 25px;">Tạo v&agrave; quản l&yacute; c&aacute;c kh&aacute;ch h&agrave;ng, kh&ocirc;ng giới hạn c&aacute;c điểm giao h&agrave;ng với mỗi kh&aacute;ch h&agrave;ng.</li>
	</ul>
	</div>

	<div class="sanpham3" style="box-sizing: border-box; padding: 0px; line-height: 25px;">
	<ul style="box-sizing: border-box; padding-right: 0px; padding-left: 15px; line-height: 25px; margin: 0px;">
		<li class="txttext" style="box-sizing: border-box; padding: 0px; line-height: 25px;">Tạo mới, sửa kh&aacute;ch h&agrave;ng ngay khi cập nhật chứng từ.</li>
	</ul>
	</div>

	<div class="sanpham3" style="box-sizing: border-box; padding: 0px; line-height: 25px;">
	<ul style="box-sizing: border-box; padding-right: 0px; padding-left: 15px; line-height: 25px; margin: 0px;">
		<li class="txttext" style="box-sizing: border-box; padding: 0px; line-height: 25px;">Cập nhật ho&aacute; đơn b&aacute;n h&agrave;ng, c&aacute;c ho&aacute; đơn b&aacute;n h&agrave;ng dịch vụ.</li>
	</ul>
	</div>

	<div class="sanpham3" style="box-sizing: border-box; padding: 0px; line-height: 25px;">
	<ul style="box-sizing: border-box; padding-right: 0px; padding-left: 15px; line-height: 25px; margin: 0px;">
		<li class="txttext" style="box-sizing: border-box; padding: 0px; line-height: 25px;">Theo d&otilde;i phải thu chi tiết theo từng kh&aacute;ch h&agrave;ng.</li>
	</ul>
	</div>

	<div class="sanpham3" style="box-sizing: border-box; padding: 0px; line-height: 25px;">
	<ul style="box-sizing: border-box; padding-right: 0px; padding-left: 15px; line-height: 25px; margin: 0px;">
		<li class="txttext" style="box-sizing: border-box; padding: 0px; line-height: 25px;">Theo d&otilde;i phải thu theo ho&aacute; đơn, hạn thanh to&aacute;n của từng ho&aacute; đơn.</li>
	</ul>
	</div>

	<div class="sanpham3" style="box-sizing: border-box; padding: 0px; line-height: 25px;">
	<ul style="box-sizing: border-box; padding-right: 0px; padding-left: 15px; line-height: 25px; margin: 0px;">
		<li class="txttext" style="box-sizing: border-box; padding: 0px; line-height: 25px;">Từ c&aacute;c giao dịch tr&ecirc;n sổ c&aacute;i c&oacute; thể truy ngược về c&aacute;c giao dịch phải thu v&agrave; b&aacute;n h&agrave;ng.</li>
	</ul>
	</div>
	</li>
</ul>
</div>
</div>

<div class="sanpham1" style="box-sizing: border-box; padding: 0px; line-height: 25px;">
<p style="box-sizing: border-box; margin: 0px; padding: 0px; line-height: 25px;"><span style="box-sizing: border-box; padding: 0px; line-height: 25px; color: rgb(0, 0, 128);"><strong style="box-sizing: border-box; padding: 0px; line-height: 25px;">8. C&Ocirc;NG NỢ PHẢI TRẢ</strong></span></p>

<div class="sanpham2" style="box-sizing: border-box; padding: 0px; line-height: 25px;">
<p style="box-sizing: border-box; margin: 0px; padding: 0px; line-height: 25px;">Ph&acirc;n hệ n&agrave;y quản l&yacute; đầy đủ th&ocirc;ng tin c&aacute;c nh&agrave; cung cấp, cập nhật ho&aacute; đơn nh&agrave; cung cấp, phiếu thanh to&aacute;n, điều chỉnh c&ocirc;ng nợ &hellip; Với c&ocirc;ng cụ do ph&acirc;n hệ n&agrave;y cung cấp bạn c&oacute; thể quyết định vi&ecirc;c ưu ti&ecirc;n c&aacute;c khoản phải thanh to&aacute;n, lựa chọn c&aacute;c phương thức, giảm c&aacute;c rủi ro c&ocirc;ng nợ với nh&agrave; cung cấp, theo d&otilde;i c&aacute;c đơn h&agrave;ng, hợp đồng v&agrave; qu&aacute; tr&igrave;nh thực hiện ch&uacute;ng</p>
</div>

<div class="sanpham2" style="box-sizing: border-box; padding: 0px; line-height: 25px;">
<ul style="box-sizing: border-box; padding-right: 0px; padding-left: 15px; line-height: 25px; margin: 0px;">
	<li class="txttext" style="box-sizing: border-box; padding: 0px; line-height: 25px;"><strong style="box-sizing: border-box; padding: 0px; line-height: 25px;">C&aacute;c chức năng ch&iacute;nh</strong>

	<div class="sanpham3" style="box-sizing: border-box; padding: 0px; line-height: 25px;">
	<ul style="box-sizing: border-box; padding-right: 0px; padding-left: 15px; line-height: 25px; margin: 0px;">
		<li class="txttext" style="box-sizing: border-box; padding: 0px; line-height: 25px;">Tạo v&agrave; quản l&yacute; danh s&aacute;ch nh&agrave; cung cấp, tổ chức sắp xếp v&agrave; t&igrave;m kiếm c&aacute;c nh&agrave; cung cấp thuận tiện v&agrave; dễ d&agrave;ng.</li>
	</ul>
	</div>

	<div class="sanpham3" style="box-sizing: border-box; padding: 0px; line-height: 25px;">
	<ul style="box-sizing: border-box; padding-right: 0px; padding-left: 15px; line-height: 25px; margin: 0px;">
		<li class="txttext" style="box-sizing: border-box; padding: 0px; line-height: 25px;">Cập nhật ho&aacute; đơn nh&agrave; cung cấp tổng hợp/chi tiết, c&aacute;c khoản thanh to&aacute;n, điều chỉnh v&agrave; b&ugrave; trừ c&ocirc;ng nợ.</li>
	</ul>
	</div>

	<div class="sanpham3" style="box-sizing: border-box; padding: 0px; line-height: 25px;">
	<ul style="box-sizing: border-box; padding-right: 0px; padding-left: 15px; line-height: 25px; margin: 0px;">
		<li class="txttext" style="box-sizing: border-box; padding: 0px; line-height: 25px;">Cho ph&eacute;p một ho&aacute; đơn gắn với nhiều phiếu chi v&agrave; một phiếu chi cho nhiều ho&aacute; đơn.</li>
	</ul>
	</div>

	<div class="sanpham3" style="box-sizing: border-box; padding: 0px; line-height: 25px;">
	<ul style="box-sizing: border-box; padding-right: 0px; padding-left: 15px; line-height: 25px; margin: 0px;">
		<li class="txttext" style="box-sizing: border-box; padding: 0px; line-height: 25px;">Quản l&yacute; hạn thanh to&aacute;n, qu&aacute; tr&igrave;nh thanh to&aacute;n của c&aacute;c ho&aacute; đơn.</li>
	</ul>
	</div>

	<div class="sanpham3" style="box-sizing: border-box; padding: 0px; line-height: 25px;">
	<ul style="box-sizing: border-box; padding-right: 0px; padding-left: 15px; line-height: 25px; margin: 0px;">
		<li class="txttext" style="box-sizing: border-box; padding: 0px; line-height: 25px;">Cảnh b&aacute;o c&aacute;c khoản thanh ưu ti&ecirc;n thanh to&aacute;n, c&aacute;c khoản nợ đến hạn&hellip;</li>
	</ul>
	</div>

	<div class="sanpham3" style="box-sizing: border-box; padding: 0px; line-height: 25px;">
	<ul style="box-sizing: border-box; padding-right: 0px; padding-left: 15px; line-height: 25px; margin: 0px;">
		<li class="txttext" style="box-sizing: border-box; padding: 0px; line-height: 25px;">Từ sổ c&aacute;i, sổ c&ocirc;ng nợ c&oacute; thể truy ngược lại c&aacute;c giao dịch gốc li&ecirc;n quan như ho&aacute; đơn, phiếu chi trả tiền</li>
	</ul>
	</div>
	</li>
</ul>
</div>
</div>

<div class="sanpham1" style="box-sizing: border-box; padding: 0px; line-height: 25px;">
<p style="box-sizing: border-box; margin: 0px; padding: 0px; line-height: 25px;"><span style="box-sizing: border-box; padding: 0px; line-height: 25px; color: rgb(0, 0, 128);"><strong style="box-sizing: border-box; padding: 0px; line-height: 25px;">9. T&Agrave;I SẢN CỐ ĐỊNH &amp; C&Ocirc;NG CỤ DỤNG CỤ</strong></span></p>

<p style="box-sizing: border-box; margin: 0px; padding: 0px; line-height: 25px;">Ph&acirc;n hệ n&agrave;y được thiết kế để quản l&yacute; t&agrave;i sản cố định/c&ocirc;ng cụ dụng cụ,&nbsp;t&iacute;nh khấu hao, quy tr&igrave;nh bảo quản lu&acirc;n chuyển t&agrave;i sản, thay đổi nguy&ecirc;n gi&aacute;, tăng giảm t&agrave;i sản, c&aacute;c c&ocirc;ng cụ đi k&egrave;m t&agrave;i sản&hellip;</p>

<p style="box-sizing: border-box; margin: 0px; padding: 0px; line-height: 25px;">Ph&acirc;n hệ t&agrave;i sản cố định hoạt động kh&aacute; độc lập với hệ thống, c&aacute;c dữ liệu&nbsp;d&ugrave;ng chung chỉ li&ecirc;n quan đến kế to&aacute;n tổng hợp, đ&oacute; l&agrave; khai b&aacute;o c&aacute;c t&agrave;i khoản sổ c&aacute;i v&agrave; chuyển dữ liệu khấu hao h&agrave;ng th&aacute;ng v&agrave;o sổ c&aacute;i.</p>

<p style="box-sizing: border-box; margin: 0px; padding: 0px; line-height: 25px;"><img alt="" src="/Upload/ImageDes/images/ERP08%20Phan%20he%20ke%20toan%20TSCD(1).png" style="color: rgb(68, 68, 68); font-family: MyriadPro; font-size: 14px; text-align: center; width: 848px; height: 470px;" /></p>

<ul style="box-sizing: border-box; padding-right: 0px; padding-left: 15px; line-height: 25px; margin: 0px;">
	<li style="box-sizing: border-box; padding: 0px; line-height: 25px;"><strong style="box-sizing: border-box; padding: 0px; line-height: 25px;">T&agrave;i sản</strong>

	<ul style="box-sizing: border-box; padding-right: 0px; padding-left: 15px; line-height: 25px; margin: 0px;">
		<li style="box-sizing: border-box; padding: 0px; line-height: 25px;">Theo d&otilde;i t&agrave;i sản cố định về nguy&ecirc;n gi&aacute;, gi&aacute; trị khấu hao, gi&aacute; trị c&ograve;n lại, nguồn vốn, bộ phận sử dụng, mục đ&iacute;ch sử dụng, nước sản xuất, ng&agrave;y đưa v&agrave;o sử dụng...</li>
		<li style="box-sizing: border-box; padding: 0px; line-height: 25px;">Theo d&otilde;i tăng giảm v&agrave; l&yacute; do tăng giảm t&agrave;i sản cố định.</li>
		<li style="box-sizing: border-box; padding: 0px; line-height: 25px;">Theo d&otilde;i qu&aacute; tr&igrave;nh thay đổi nguy&ecirc;n gi&aacute; v&agrave; điều chuyển bộ phận sử dụng, c&ocirc;ng tr&igrave;nh, ph&iacute; hay thay đổi bản chất t&agrave;i khoản t&agrave;i sản, t&agrave;i khoản khấu hao, t&agrave;i khoản chi ph&iacute;.</li>
		<li style="box-sizing: border-box; padding: 0px; line-height: 25px;">T&iacute;nh khấu hao, l&ecirc;n bảng ph&acirc;n bổ khấu hao v&agrave; tạo c&aacute;c b&uacute;t to&aacute;n ph&acirc;n bổ khấu hao sang sổ c&aacute;i.</li>
	</ul>
	</li>
	<li style="box-sizing: border-box; padding: 0px; line-height: 25px;"><strong style="box-sizing: border-box; padding: 0px; line-height: 25px;">C&ocirc;ng cụ</strong>
	<ul style="box-sizing: border-box; padding-right: 0px; padding-left: 15px; line-height: 25px; margin: 0px;">
		<li style="box-sizing: border-box; padding: 0px; line-height: 25px;">Cập nhật phiếu xuất c&ocirc;ng cụ dụng cụ ph&acirc;n bổ nhiều lần.</li>
		<li style="box-sizing: border-box; padding: 0px; line-height: 25px;">Tự động t&iacute;nh v&agrave; ph&acirc;n bổ gi&aacute; trị v&agrave;o chi ph&iacute;.</li>
		<li style="box-sizing: border-box; padding: 0px; line-height: 25px;">Theo d&otilde;i số kỳ ph&acirc;n bổ, thời gian sử dụng.</li>
		<li style="box-sizing: border-box; padding: 0px; line-height: 25px;">Theo d&otilde;i theo bộ phận sử dụng, b&aacute;o hỏng c&ocirc;ng cụ dụng cụ.</li>
	</ul>
	</li>
</ul>

<p style="box-sizing: border-box; margin: 0px; padding: 0px; line-height: 25px;"><span style="box-sizing: border-box; padding: 0px; line-height: 25px; color: rgb(0, 0, 128);"><strong style="box-sizing: border-box; padding: 0px; line-height: 25px;">10. GI&Aacute; TH&Agrave;NH</strong></span></p>

<p style="box-sizing: border-box; margin: 0px; padding: 0px; line-height: 25px;">Ph&acirc;n hệ n&agrave;y được thiết kế để thực hiện tập hợp chi ph&iacute; theo đối tượng, ph&acirc;n&nbsp;bổ chi ph&iacute; chung, đ&aacute;nh gi&aacute; sản phẩm dở dang cuối kỳ v&agrave; t&iacute;nh ra thẻ gi&aacute; th&agrave;nh&nbsp;sản phẩm. Quản l&yacute; c&aacute;c khoản chi ph&iacute; trả trước ph&acirc;n bổ dần v&agrave;o chi ph&iacute; sản&nbsp;xuất. Ph&acirc;n hệ chủ yếu lấy dữ liệu ph&aacute;t sinh từ c&aacute;c nghiệp vụ ở ph&acirc;n hệ kh&aacute;c&nbsp;như phiếu chi, phiếu thanh to&aacute;n, phiếu xuất vật tư, phiếu nhập kho th&agrave;nh&nbsp;phẩm.</p>

<p style="box-sizing: border-box; margin: 0px; padding: 0px; line-height: 25px;"><img alt="" src="/Upload/ImageDes/images/ERP09%20Phan%20he%20ke%20toan%20CF%20gia%20thanh(2).png" style="color: rgb(68, 68, 68); font-family: MyriadPro; font-size: 14px; text-align: center; width: 848px; height: 325px;" /></p>

<ul style="box-sizing: border-box; padding-right: 0px; padding-left: 15px; line-height: 25px; margin: 0px;">
	<li style="box-sizing: border-box; padding: 0px; line-height: 25px; text-align: justify;"><strong style="box-sizing: border-box; padding: 0px; line-height: 25px;">Chức năng ch&iacute;nh</strong>

	<ul style="box-sizing: border-box; padding-right: 0px; padding-left: 15px; line-height: 25px; margin: 0px;">
		<li style="box-sizing: border-box; padding: 0px; line-height: 25px;">Khai b&aacute;o, theo d&otilde;i về quy tr&igrave;nh sản xuất, định mức ti&ecirc;u hao vật tư cho từng&nbsp;sản phẩm.</li>
		<li style="box-sizing: border-box; padding: 0px; line-height: 25px;">Quản l&yacute; v&agrave; khai b&aacute;o c&aacute;c đối tượng th&agrave;nh phẩm cần t&iacute;nh gi&aacute; th&agrave;nh. Tự động&nbsp;đồng bộ với danh mục th&agrave;nh phẩm tồn kho.</li>
		<li style="box-sizing: border-box; padding: 0px; line-height: 25px;">Khai b&aacute;o định mức ti&ecirc;u hao, định mức lương, c&ocirc;ng đoạn sản xuất, thời gian&nbsp;sản xuất cho từng th&agrave;nh phẩm.</li>
		<li style="box-sizing: border-box; padding: 0px; line-height: 25px;">Hỗ trợ nhiều phương ph&aacute;p đ&aacute;nh gi&aacute; dở dang cuối kỳ tự động. Căn cứ v&agrave;o&nbsp;định mức ti&ecirc;u hao v&agrave; lượng nguy&ecirc;n liệu thực tế xuất sản xuất, chương tr&igrave;nh&nbsp;hỗ trợ người d&ugrave;ng t&iacute;nh ra số lượng th&agrave;nh phẩm đang thực hiện sản xuất.</li>
		<li style="box-sizing: border-box; padding: 0px; line-height: 25px;">Kết chuyển chi ph&iacute; trực tiếp v&agrave; ph&acirc;n bổ chi ph&iacute; chung v&agrave;o cuối kỳ. Chương&nbsp;tr&igrave;nh hỗ trợ nhiều c&ocirc;ng thức t&iacute;nh hệ số để ph&acirc;n bổ chi ph&iacute; chung cuối kỳ.</li>
	</ul>
	</li>
</ul>

<p style="box-sizing: border-box; margin: 0px; padding: 0px; line-height: 25px;"><span style="box-sizing: border-box; padding: 0px; line-height: 25px; color: rgb(0, 0, 128);"><strong style="box-sizing: border-box; padding: 0px; line-height: 25px;">11. QUẢN L&Yacute; NH&Acirc;N SỰ</strong></span></p>

<div class="sanpham2" style="box-sizing: border-box; padding: 0px; line-height: 25px;">
<ul style="box-sizing: border-box; padding-right: 0px; padding-left: 15px; line-height: 25px; margin: 0px;">
	<li class="txttext justify" style="box-sizing: border-box; text-align: justify; padding: 0px; line-height: 25px;"><strong style="box-sizing: border-box; padding: 0px; line-height: 25px;">HRM&nbsp;</strong>l&agrave; một ph&acirc;n hệ nằm trong hệ thống<strong style="box-sizing: border-box; padding: 0px; line-height: 25px;">&nbsp;</strong>AcpiNet, n&oacute; c&oacute; thể được c&agrave;i đặt độc lập hoặc c&ugrave;ng với hệ thống AcpiNet, c&oacute; thể hoạt động độc lập hoặc li&ecirc;n kết thống nhất với c&aacute;c ph&acirc;n hệ kế to&aacute;n tổng hợp v&agrave; chi ph&iacute; gi&aacute; th&agrave;nh, n&oacute; c&oacute; thể li&ecirc;n kết số liệu với c&aacute;c thiết bị chấm c&ocirc;ng điện tử để lấy dữ liệu v&agrave;o bảng chấm c&ocirc;ng, t&iacute;nh lương.</li>
</ul>
</div>

<div class="sanpham2" style="box-sizing: border-box; padding: 0px; line-height: 25px;">
<ul style="box-sizing: border-box; padding-right: 0px; padding-left: 15px; line-height: 25px; margin: 0px;">
	<li class="txttext justify" style="box-sizing: border-box; text-align: justify; padding: 0px; line-height: 25px;"><strong style="box-sizing: border-box; padding: 0px; line-height: 25px;">HRM</strong>&nbsp;được thiết kế để quản l&yacute; từ quy tr&igrave;nh tuyển dụng, đ&agrave;o tạo, đ&aacute;nh gi&aacute; nh&acirc;n vi&ecirc;n cũng như to&agrave;n bộ hồ sơ v&agrave; qu&aacute; tr&igrave;nh l&agrave;m việc của nh&acirc;n vi&ecirc;n. N&oacute; cho ph&eacute;p quản l&yacute; to&agrave;n bộ qu&aacute; tr&igrave;nh hoạt động, lu&acirc;n chuyển vị tr&iacute; c&ocirc;ng t&aacute;c, c&aacute;c qu&aacute; tr&igrave;nh lương, bảo hiểm x&atilde; hội v&agrave; nhiều thuộc t&iacute;nh kh&aacute;c của nh&acirc;n vi&ecirc;n. Cho ph&eacute;p lưu trữ, ph&acirc;n loại v&agrave;&nbsp;quản l&yacute; hồ sơ của cả những nh&acirc;n vi&ecirc;n đ&atilde; rời khỏi&nbsp;đơn vị.</li>
</ul>
</div>

<div class="sanpham2" style="box-sizing: border-box; padding: 0px; line-height: 25px;">
<ul style="box-sizing: border-box; padding-right: 0px; padding-left: 15px; line-height: 25px; margin: 0px;">
	<li class="txttext justify" style="box-sizing: border-box; text-align: justify; padding: 0px; line-height: 25px;">Khi tiến h&agrave;nh nghi&ecirc;n cứu về nhu cầu của c&aacute;c tổ chức về quản l&yacute; nh&acirc;n sự, một điều hiển nhi&ecirc;n l&agrave; c&oacute; rất nhiều sự kh&aacute;c nhau về cơ cấu tổ chức v&agrave; y&ecirc;u cầu quản l&yacute; nh&acirc;n lực, cũng như khả năng v&agrave; y&ecirc;u cầu của người sử dụng l&agrave; rất đa dạng.&nbsp;<strong style="box-sizing: border-box; padding: 0px; line-height: 25px;">HRM</strong>&nbsp;được thiết kế để c&oacute; thể định nghĩa mọi cơ cấu tổ chức, cho ph&eacute;p sử dụng đến 30 trường tự do với nhiều kiểu dữ liệu kh&aacute;c nhau, n&oacute; được thiết kế để ph&ugrave; hợp cho c&aacute;c doanh nghiệp c&oacute; độ lớn v&agrave; cơ cấu tổ chức kh&aacute;c nhau, dễ d&agrave;ng sử dụng, ph&ugrave; hợp với nhiều tr&igrave;nh độ v&agrave; y&ecirc;u cầu của người d&ugrave;ng.</li>
</ul>
</div>
</div>

<div class="sanpham1" style="box-sizing: border-box; padding: 0px; line-height: 25px;">
<p style="box-sizing: border-box; margin: 0px; padding: 0px; line-height: 25px;"><strong style="box-sizing: border-box; padding: 0px; line-height: 25px;">12. QUẢN L&Yacute; TIỀN LƯƠNG</strong></p>

<div class="sanpham2" style="box-sizing: border-box; padding: 0px; line-height: 25px;">
<p style="box-sizing: border-box; margin: 0px; padding: 0px; line-height: 25px;">Quản l&yacute; tiền lương l&agrave; một tiểu ph&acirc;n hệ thuộc ph&acirc;n hệ&nbsp;<strong style="box-sizing: border-box; padding: 0px; line-height: 25px;">HRM</strong>. N&oacute; c&oacute; thể được c&agrave;i đặt độc lập hoặc c&ugrave;ng với&nbsp;<strong style="box-sizing: border-box; padding: 0px; line-height: 25px;">HRM</strong>&nbsp;trong hệ thống AcpiNet, c&oacute; thể hoạt động độc lập hoặc li&ecirc;n kết thống nhất với c&aacute;c ph&acirc;n hệ kh&aacute;c. Tiểu ph&acirc;n hệ Quản l&yacute; tiền lương cho ph&eacute;p quản l&yacute; to&agrave;n bộ qu&aacute; tr&igrave;nh lương thưởng của c&aacute;c nh&acirc;n vi&ecirc;n cũng như to&agrave;n bộ c&aacute;c quỹ lương của c&aacute;c bộ phận trong c&ocirc;ng ty.</p>
</div>
</div>
</div>
', NULL, N'Giải pháp quản lý tổng thể ERP Acpinet', NULL, N'Admin', NULL, CAST(N'2018-04-08T09:08:07.000' AS DateTime), 1)
INSERT [dbo].[Product] ([ProductID], [ProductName], [Alias], [Images], [CategoryID], [DescriptShort], [Content], [Content2], [Content3], [MetaTitle], [MetaKeyword], [Author], [MetaDescription], [CreatedAt], [Status]) VALUES (2, N'Giải pháp các phần mềm hóa đơn điện tử', N'giai-phap-cac-phan-mem-hoa-don-dien-tu', N'/Upload/ImageDes/images/Vnbillnet2.png', 4, N'Hoá đơn điện tử là tập hợp các thông điệp dữ liệu điện tử về bán hàng hoá, cung ứng dịch vụ, được khởi tạo, lập, gửi, nhận, lưu trữ và quản lý bằng phương tiện điện tử...', N'<p style="box-sizing: border-box; margin: 0px; padding: 0px; line-height: 25px; color: rgb(68, 68, 68); font-size: 14px; text-align: justify;"><img alt="" src="/Upload/ImageDes/images/bannereBill(1).jpg" style="width: 848px; height: 434px;" /></p>

<p style="box-sizing: border-box; margin: 0px; padding: 0px; line-height: 25px; color: rgb(68, 68, 68); font-size: 14px; text-align: justify;">Ho&aacute; đơn điện tử l&agrave; tập hợp c&aacute;c th&ocirc;ng điệp dữ liệu điện tử về b&aacute;n h&agrave;ng ho&aacute;, cung ứng dịch vụ, được khởi tạo, lập, gửi, nhận, lưu trữ v&agrave; quản l&yacute; bằng phương tiện điện tử (được quy định theo th&ocirc;ng tư số 32/2011/TTBTC ban h&agrave;nh ng&agrave;y 14/3/2011). Ứng dụng eBill.Net hỗ trợ to&agrave;n diện v&agrave;<br />
đầy đủ c&aacute;c chức năng từ bước th&ocirc;ng b&aacute;o ph&aacute;t h&agrave;nh, xuất h&oacute;a đơn, b&aacute;o c&aacute;o. Hỗ trợ quản l&yacute; c&aacute;c loại h&oacute;a đơn: H&oacute;a đơn Gi&aacute; trị gia tăng, H&oacute;a đơn b&aacute;n h&agrave;ng, Phiếu xuất kho ki&ecirc;m vận chuyển nội bộ&hellip;</p>

<p style="box-sizing: border-box; margin: 0px; padding: 0px; line-height: 25px; color: rgb(68, 68, 68); font-size: 14px; text-align: justify;"><img alt="" src="/Upload/ImageDes/images/Vnbillnet3.png" style="width: 1092px; height: 308px;" /></p>
', NULL, NULL, N'Giải pháp các phần mềm hóa đơn điện tử', NULL, N'Admin', NULL, CAST(N'2018-04-08T09:09:36.000' AS DateTime), 1)
INSERT [dbo].[Product] ([ProductID], [ProductName], [Alias], [Images], [CategoryID], [DescriptShort], [Content], [Content2], [Content3], [MetaTitle], [MetaKeyword], [Author], [MetaDescription], [CreatedAt], [Status]) VALUES (3, N'Phần mềm kế toán SmartSoft 9(Sm17)', N'phan-mem-ke-toan-smartsoft-9-sm17', N'/Upload/ImageDes/images/9(sm17).png', 4, N'Chương trình kế toán áp dung cho các đơn vị sản xuất và doanh nghiệp lớn với.cở sở dữ liệu SQL Server 2016...', N'<p style="box-sizing: border-box; margin: 0px; padding: 0px; line-height: 25px; color: rgb(68, 68, 68); font-size: 14px; text-align: justify;"><img alt="" src="/Upload/ImageDes/images/banner9sm17(1).jpg" style="width: 848px; height: 434px;" /></p>

<p style="box-sizing: border-box; margin: 0px; padding: 0px; line-height: 25px; color: rgb(68, 68, 68); font-size: 14px; text-align: justify;">Chương tr&igrave;nh kế to&aacute;n &aacute;p dung cho c&aacute;c đơn vị sản xuất v&agrave; doanh nghiệp lớn với.cở sở dữ liệu SQL Server 2016 được x&acirc;y dưng tr&ecirc;n m&ocirc; h&igrave;nh ứng dụng 3 tầng, 3 lớp. Ứng dụng đ&aacute;p ứng được nhu cầu bảo mật v&agrave; c&oacute; khả năng mở rộng v&agrave; bổ sung c&aacute;c ứng dụng c&ocirc;ng nghệ phục vụ c&ocirc;ng t&aacute;c quản l&yacute; v&agrave; kiểm so&aacute;t t&agrave;i ch&iacute;nh cho c&aacute;c c&aacute;n bộ quản l&yacute; của Doanh nghiệp.</p>
', NULL, NULL, N'Phần mềm kế toán SmartSoft 9(Sm17)', NULL, N'Admin', NULL, CAST(N'2018-04-08T09:10:52.000' AS DateTime), 1)
INSERT [dbo].[Product] ([ProductID], [ProductName], [Alias], [Images], [CategoryID], [DescriptShort], [Content], [Content2], [Content3], [MetaTitle], [MetaKeyword], [Author], [MetaDescription], [CreatedAt], [Status]) VALUES (4, N'Phần mềm kế toán SmartSoft 7(Ssc)', N'phan-mem-ke-toan-smartsoft-7-ssc', N'/Upload/ImageDes/files/7_ssc.png', 4, N'Chương trình kế toán áp dung cho các doanh nghiệp vừa và nhỏ phần mềm được thiết kế linh động, dễ sử dụng...', N'<p><img alt="" src="/Upload/ImageDes/images/banner7ssc(1).jpg" style="width: 848px; height: 434px;" /></p>

<p>Chương tr&igrave;nh kế to&aacute;n &aacute;p dung cho c&aacute;c doanh nghiệp vừa v&agrave; nhỏ phần mềm được thiết kế linh động, dễ sử dụng, đ&aacute;p ứng được tất cả c&aacute;c nghiệp vụ ph&aacute;t sinh m&agrave; Doanh nghiệp vừa v&agrave; nhỏ trong qu&aacute; tr&igrave;nh hạch to&aacute;n v&agrave; c&ocirc;ng t&aacute;c kế to&aacute;n. Hiện c&oacute; tới h&agrave;ng trăm doanh nghiệp đang sử dụng v&agrave; rất h&agrave;i l&ograve;ng với sản phẩm n&agrave;y.</p>

<p>&nbsp;</p>
', N'<p><strong><em>Kế to&aacute;n vốn bằng tiền:</em></strong></p>

<ul style="margin-left: 40px;">
	<li>Phiếu thu (Tiền mặt v&agrave; Tiền gửi ng&acirc;n h&agrave;ng)</li>
	<li>Phiếu chi (Tiền mặt v&agrave; Tiền gửi ng&acirc;n h&agrave;ng)</li>
	<li>B&aacute;o c&aacute;o: Bảng k&ecirc; chứng từ, Sổ quỹ tiền mặt, nhật k&yacute; thu tiền, nhật k&yacute; chi tiền.</li>
</ul>

<p><strong><em>Kế to&aacute;n b&aacute;n h&agrave;ng v&agrave; c&ocirc;ng nợ phải thu:</em></strong></p>

<ul style="margin-left: 40px;">
	<li>Ho&aacute; đơn b&aacute;n h&agrave;ng (bao gồm Doanh thu v&agrave; C&ocirc;ng nợ);</li>
	<li>Ho&aacute; đơn b&aacute;n dịch vụ&nbsp;;</li>
	<li>Phiếu nhập h&agrave;ng b&aacute;n trả lại;</li>
	<li>Chứng từ phải thu kh&aacute;c;</li>
	<li>B&aacute;o c&aacute;o:</li>
	<li>B&aacute;o c&aacute;o doanh thu b&aacute;n h&agrave;ng</li>
	<li>Bảng k&ecirc; chứng từ, Bảng tổng hợp h&agrave;ng b&aacute;n ...</li>
	<li>B&aacute;o c&aacute;o c&ocirc;ng nợ phải thu</li>
</ul>

<p><strong><em>Kế to&aacute;n mua h&agrave;ng v&agrave; c&ocirc;ng nợ phải trả:</em></strong></p>

<ul style="margin-left: 40px;">
	<li>Phiếu nhập mua h&agrave;ng;</li>
	<li>Phiếu nhập mua dịch vụ;</li>
	<li>Chứng từ phải trả kh&aacute;c;</li>
	<li>B&aacute;o c&aacute;o: Bảng k&ecirc; chứng từ, Bảng tổng hợp h&agrave;ng nhập mua,</li>
	<li>B&aacute;o c&aacute;o c&ocirc;ng nợ phải trả (sổ chi tiết c&ocirc;ng nợ, bi&ecirc;n bản đối chiếu c&ocirc;ng nợ)</li>
</ul>

<p><strong><em>Kế to&aacute;n Nhập &ndash; Xuất - Tồn kho vật tư v&agrave; h&agrave;ng h&oacute;a:</em></strong></p>

<ul style="margin-left: 40px;">
	<li>Phiếu nhập kho;</li>
	<li>Phiếu xuất kho;</li>
	<li>Phiếu điều chuyển (Chuyển kho nội bộ);</li>
	<li>B&aacute;o c&aacute;o: Bảng k&ecirc; chứng từ, Bảng tổng hợp h&agrave;ng nhập v&agrave; h&agrave;ng xuất, b&aacute;o c&aacute;o tồn kho, tổng hợp nhập xuất tồn kho vật tư h&agrave;ng h&oacute;a.&nbsp; &nbsp; &nbsp; &nbsp; &nbsp; &nbsp; &nbsp;&nbsp;</li>
</ul>

<p><strong><em>Kế to&aacute;n chi ph&iacute; gi&aacute; th&agrave;nh sản xuất:&nbsp;</em></strong></p>

<ul style="margin-left: 40px;">
	<li>T&iacute;nh gi&aacute; th&agrave;nh sản phẩm</li>
	<li>&Aacute;p dụng t&iacute;nh gi&aacute; th&agrave;nh theo phương ph&aacute;p định mức thực tế</li>
	<li>Khai b&aacute;o định mức nguy&ecirc;n vật liệu trực tiếp cho từng loại sản phẩm.</li>
	<li>C&oacute; thể link dữ liệu tự động từ file excel v&agrave;o phần mềm v&agrave; ngược lại.</li>
	<li>C&oacute; thể chọn xo&aacute; to&agrave;n bộ định mức nguy&ecirc;n vật liệu đ&atilde; khai b&aacute;o trong 1 th&aacute;ng bằng 1 lệnh m&agrave; kh&ocirc;ng phải xo&aacute; từng sản phẩm một.</li>
	<li>C&oacute; thể xem, in v&agrave; xuất dữ liệu định mức nguy&ecirc;n vật liệu cho từng loại sản phẩm của từng th&aacute;ng.</li>
	<li>Tự động tạo phiếu xuất kho vật tư cho th&agrave;nh phẩm ho&agrave;n th&agrave;nh nhập kho(TP nhập kho*định mức vật tư đ&atilde; khai b&aacute;o)</li>
	<li>Tự động ph&acirc;n bổ chi ph&iacute; nh&acirc;n c&ocirc;ng(ti&ecirc;u thức ph&acirc;n bổ theo NVL trực tiếp)</li>
	<li>Tự động ph&acirc;n bổ chi ph&iacute; sản xuất chung(ti&ecirc;u thức ph&acirc;n bổ theo NVL trực tiếp)</li>
	<li>Tự động cập nhật gi&aacute; cho c&aacute;c phiếu nhập th&agrave;nh phẩm</li>
	<li>Bảng quyết to&aacute;n vật tư</li>
	<li>Thẻ gi&aacute; th&agrave;nh sản phẩm</li>
	<li>Bảng tổng hợp gi&aacute; th&agrave;nh&nbsp;&nbsp;&nbsp; &nbsp;&nbsp;&nbsp;&nbsp;&nbsp; &nbsp; &nbsp; &nbsp; &nbsp; &nbsp;</li>
</ul>

<p><strong><em>Kế to&aacute;n t&agrave;i sản cố định (Quản l&yacute; v&agrave; t&iacute;nh khấu hao):</em></strong></p>

<ul style="margin-left: 40px;">
	<li>Khai b&aacute;o thời gian v&agrave; tỷ lệ khấu hao cho từng T&agrave;i sản;</li>
	<li>Chức năng T&iacute;nh/X&oacute;a khấu hao h&agrave;ng th&aacute;ng</li>
	<li>B&aacute;o c&aacute;o: Danh s&aacute;ch T&agrave;i sản t&iacute;nh khấu hao h&agrave;ng th&aacute;ng, bảng t&iacute;nh khấu hao, bảng ph&acirc;n bổ khấu hao, b&aacute;o c&aacute;o tăng, giảm TSCĐ.</li>
</ul>

<p><strong><em>Kế to&aacute;n c&ocirc;ng cụ dụng cụ:</em></strong></p>

<ul style="margin-left: 40px;">
	<li>Khai b&aacute;o thời gian v&agrave; tỷ lệ ph&acirc;n bổ cho từng c&ocirc;ng cụ dụng cụ;</li>
	<li>Chức năng T&iacute;nh/X&oacute;a ph&acirc;n bổ h&agrave;ng th&aacute;ng</li>
	<li>B&aacute;o c&aacute;o: Danh s&aacute;ch c&ocirc;ng cụ dụng cụ t&iacute;nh ph&acirc;n bổ h&agrave;ng th&aacute;ng, bảng ph&acirc;n bổ c&ocirc;ng cụ dụng cụ, b&aacute;o c&aacute;o tăng, giảm c&ocirc;ng cụ dụng cụ.</li>
</ul>

<p><strong><em>Kế to&aacute;n thuế GTGT theo th&ocirc;ng tư số 28.</em></strong></p>

<ul style="margin-left: 40px;">
	<li>Bảng k&ecirc; thuế GTGT mua v&agrave;o</li>
	<li>Bảng k&ecirc; thuế GTGT b&aacute;n ra</li>
</ul>

<p><strong><em>Kế to&aacute;n chi ph&iacute; theo vụ việc, khoản mục</em></strong></p>

<ul style="margin-left: 40px;">
	<li>Bảng k&ecirc; chứng từ theo vụ việc, khoản mục.</li>
	<li>B&aacute;o c&aacute;o tổng hợp vụ việc, khoản mục</li>
	<li>Bảng c&acirc;n đối ph&aacute;t sinh theo vụ việc..</li>
</ul>

<p><strong><em>Kế to&aacute;n tổng hợp v&agrave; lập c&aacute;c b&aacute;o c&aacute;o t&agrave;i ch&iacute;nh:</em></strong></p>

<ul style="margin-left: 40px;">
	<li>B&uacute;t to&aacute;n kết chuyển tự động (Kết chuyển Doanh thu, Chi ph&iacute; v&agrave; L&atilde;i/Lỗ);</li>
	<li>Kết chuyển số dư sang th&aacute;ng sau v&agrave; kho&aacute; sổ cuối th&aacute;ng;</li>
	<li>Phiếu kế to&aacute;n kh&aacute;c;</li>
	<li>B&aacute;o c&aacute;o:
	<ul>
		<li>B&aacute;o c&aacute;o sổ s&aacute;ch kế to&aacute;n theo h&igrave;nh thức nhật k&yacute; chung.</li>
		<li>B&aacute;o c&aacute;o t&agrave;i ch&iacute;nh theo Th&ocirc;ng tư 200/2014/TT-BTC ng&agrave;y 22/12/2014.</li>
	</ul>
	</li>
</ul>

<p><strong><em>Quản l&yacute; v&agrave; ph&acirc;n quyền người sử dụng phần mềm</em></strong></p>

<ul style="margin-left: 40px;">
	<li>Tạo danh s&aacute;ch người sử dụng phần mềm</li>
	<li>Cho ph&eacute;p in th&ocirc;ng tin một chứng từ (Người lập phiếu+Thời điểm; Người chỉnh sửa+Thời điểm chỉnh sửa)</li>
</ul>

<p><strong><em>Nhập số dư đầu kỳ: T&agrave;i khoản, C&ocirc;ng nợ, H&agrave;ng h&oacute;a</em></strong></p>
', NULL, N'Phần mềm kế toán SmartSoft 7(Ssc)', NULL, N'Admin', NULL, CAST(N'2018-04-08T09:11:53.000' AS DateTime), 1)
INSERT [dbo].[Product] ([ProductID], [ProductName], [Alias], [Images], [CategoryID], [DescriptShort], [Content], [Content2], [Content3], [MetaTitle], [MetaKeyword], [Author], [MetaDescription], [CreatedAt], [Status]) VALUES (7, N'Phần mềm kế toán HCSN SmartSoft Ad(09Q19)', N'phan-mem-ke-toan-hcsn-smartsoft-ad-09q19', N'/Upload/ImageDes/images/Ad(09Q19).png', 4, N'Phần mềm kế toán SmartSoft ad(09Q19) là phiên bản dành riêng cho các đơn vị hành chính sự nghiệp...', N'<h2 class="title" style="box-sizing: border-box; margin: 0px; padding: 5px 0px 15px; border: 0px; font-variant-numeric: inherit; font-variant-east-asian: inherit; font-stretch: inherit; font-size: 24px; line-height: 32px; font-family: Roboto, Arial, sans-serif; vertical-align: baseline; color: rgb(0, 133, 173); background-color: rgb(242, 242, 242); text-align: justify;"><img alt="" src="/Upload/ImageDes/images/bannerAd(09Q19)(1).jpg" style="width: 850px; height: 434px;" /></h2>

<h2 class="title" style="box-sizing: border-box; margin: 0px; padding: 5px 0px 15px; border: 0px; font-variant-numeric: inherit; font-variant-east-asian: inherit; font-stretch: inherit; font-size: 24px; line-height: 32px; font-family: Roboto, Arial, sans-serif; vertical-align: baseline; color: rgb(0, 133, 173); background-color: rgb(242, 242, 242); text-align: justify;"><span style="font-size:14px;">C&aacute;c th&ocirc;ng tư, nghị định, qui định của Bộ t&agrave;i ch&iacute;nh về chế độ hạch to&aacute;n kế to&aacute;n &aacute;p dụng cho c&aacute;c đơn vị hạch to&aacute;n theo m&ocirc; h&igrave;nh kế to&aacute;n h&agrave;nh ch&iacute;nh sự nghiệp.</span></h2>

<div class="description" style="box-sizing: border-box; margin: 0px; padding: 0px 0px 8px; border: 0px; font-variant-numeric: inherit; font-variant-east-asian: inherit; font-stretch: inherit; font-size: 15px; line-height: inherit; font-family: Arial, san-serif; vertical-align: baseline; color: rgb(0, 0, 0); background-color: rgb(242, 242, 242); text-align: justify;"><span style="font-size:14px;">Th&ocirc;ng tư 107/2017/TT-BTC Hướng dẫn chế độ kế to&aacute;n h&agrave;nh ch&iacute;nh sự nghiệp;<br style="box-sizing: border-box; margin: 0px; padding: 0px;" />
Th&ocirc;ng tư 324/2016/TT-BTC Quy định Hệ thống Mục lục ng&acirc;n s&aacute;ch nh&agrave; nước;&nbsp;</span></div>

<div class="description" style="box-sizing: border-box; margin: 0px; padding: 0px 0px 8px; border: 0px; font-variant-numeric: inherit; font-variant-east-asian: inherit; font-stretch: inherit; font-size: 15px; line-height: inherit; font-family: Arial, san-serif; vertical-align: baseline; color: rgb(0, 0, 0); background-color: rgb(242, 242, 242); text-align: justify;"><span style="font-size:14px;">Th&ocirc;ng tư 77/2017/TT-BTC Hướng dẫn chế độ kế to&aacute;n ng&acirc;n s&aacute;ch Nh&agrave; nước v&agrave; hoạt động nghiệp vụ kho bạc Nh&agrave; nước;<br style="box-sizing: border-box; margin: 0px; padding: 0px;" />
Quyết định số 4377/QĐ-KBNN Về việc ban h&agrave;nh quy tr&igrave;nh nghiệp vụ thống nhất đầu mối kiểm so&aacute;t c&aacute;c khoản chi ng&acirc;n s&aacute;ch Nh&agrave; nước qua Kho bạc Nh&agrave; nước;<br style="box-sizing: border-box; margin: 0px; padding: 0px;" />
Th&ocirc;ng tư 39/2016/TT-BTC Quy định chế độ kiểm so&aacute;t, thanh to&aacute;n c&aacute;c khoản chi NSNN qua KBNN v&agrave; Th&ocirc;ng tư 40/2016/TT-BTC hướng dẫn quản l&yacute; v&agrave; kiểm so&aacute;t cam kết chi NSNN qua KBNN;<br style="box-sizing: border-box; margin: 0px; padding: 0px;" />
Th&ocirc;ng tư 119/2014/TT-BTC về cải c&aacute;ch, đơn giản h&oacute;a c&aacute;c thủ tục h&agrave;nh ch&iacute;nh về thuế;<br style="box-sizing: border-box; margin: 0px; padding: 0px;" />
Th&ocirc;ng tư 39/2014/TT-BTC quy định về h&oacute;a đơn b&aacute;n h&agrave;ng h&oacute;a, cung ứng dịch vụ;<br style="box-sizing: border-box; margin: 0px; padding: 0px;" />
Th&ocirc;ng tư 08/2016/TT-BTC Quy định về quản l&yacute;, thanh to&aacute;n vốn đầu tư sử dụng nguồn vốn NSNN;&nbsp;<br style="box-sizing: border-box; margin: 0px; padding: 0px;" />
Th&ocirc;ng tư 09/2016/TT-BTC Quy định về quyết to&aacute;n dự &aacute;n ho&agrave;n th&agrave;nh thuộc nguồn vốn Nh&agrave; nước;<br style="box-sizing: border-box; margin: 0px; padding: 0px;" />
Th&ocirc;ng tư 162/2014/TT-BTC quy định về chế độ quản l&yacute; v&agrave; t&iacute;nh hao m&ograve;n TSCĐ.</span></div>

<div class="description" style="box-sizing: border-box; margin: 0px; padding: 0px 0px 8px; border: 0px; font-variant-numeric: inherit; font-variant-east-asian: inherit; font-stretch: inherit; font-size: 15px; line-height: inherit; font-family: Arial, san-serif; vertical-align: baseline; color: rgb(0, 0, 0); background-color: rgb(242, 242, 242); text-align: justify;">
<h2 class="title" style="line-height: 32px; box-sizing: border-box; margin: 0px; padding: 5px 0px 15px; border: 0px; font-variant-numeric: inherit; font-variant-east-asian: inherit; font-stretch: inherit; font-size: 24px; font-family: Roboto, Arial, sans-serif; vertical-align: baseline; color: rgb(0, 133, 173); background-color: rgb(242, 242, 242); text-align: justify;">&nbsp;</h2>
</div>
', N'<div style="color: rgb(0, 0, 0); font-family: Arial, san-serif; font-size: 15px; text-align: justify;">
<h2 class="title" style="line-height: 32px; box-sizing: border-box; margin: 0px; padding: 5px 0px 15px; border: 0px; font-variant-numeric: inherit; font-variant-east-asian: inherit; font-stretch: inherit; font-size: 24px; font-family: Roboto, Arial, sans-serif; vertical-align: baseline; color: rgb(0, 133, 173); background-color: rgb(242, 242, 242);">Chức năng của phần mềm kế to&aacute;n.</h2>
</div>

<div style="color: rgb(0, 0, 0); font-family: Arial, san-serif; font-size: 15px; text-align: justify;"><em><strong>Kế to&aacute;n vốn bằng tiền:</strong></em></div>

<ul style="color: rgb(0, 0, 0); font-family: Arial, san-serif; font-size: 15px; text-align: justify; margin-left: 40px;">
	<li>Phiếu thu</li>
	<li>Phiếu chi</li>
	<li>Chứng từ ng&acirc;n h&agrave;ng(b&aacute;o nợ, b&aacute;o c&oacute;)</li>
	<li>B&aacute;o c&aacute;o: Bảng k&ecirc; chứng từ, Sổ quỹ tiền mặt, c&acirc;n đối&nbsp; ng&agrave;y t&agrave;i khoản, nhật k&yacute; thu tiền, nhật k&yacute; chi tiền.</li>
</ul>

<div style="color: rgb(0, 0, 0); font-family: Arial, san-serif; font-size: 15px; text-align: justify;"><em><strong>Kế to&aacute;n b&aacute;n h&agrave;ng v&agrave; c&ocirc;ng nợ phải thu:</strong></em></div>

<ul style="color: rgb(0, 0, 0); font-family: Arial, san-serif; font-size: 15px; text-align: justify; margin-left: 40px;">
	<li>Ho&aacute; đơn b&aacute;n h&agrave;ng (bao gồm Doanh thu v&agrave; C&ocirc;ng nợ);</li>
	<li>Ho&aacute; đơn b&aacute;n dịch vụ ;</li>
	<li>Phiếu nhập h&agrave;ng b&aacute;n trả lại;</li>
	<li>Chứng từ phải thu kh&aacute;c;</li>
	<li>B&aacute;o c&aacute;o: Bảng k&ecirc; chứng từ, Bảng tổng hợp h&agrave;ng b&aacute;n, b&aacute;o c&aacute;o b&aacute;n h&agrave;ng chi tiết theo mặt h&agrave;ng&hellip;</li>
</ul>

<div style="color: rgb(0, 0, 0); font-family: Arial, san-serif; font-size: 15px; text-align: justify;"><em><strong>Kế to&aacute;n mua h&agrave;ng v&agrave; c&ocirc;ng nợ phải trả:</strong></em></div>

<ul style="color: rgb(0, 0, 0); font-family: Arial, san-serif; font-size: 15px; text-align: justify; margin-left: 40px;">
	<li>Phiếu nhập mua h&agrave;ng;</li>
	<li>Phiếu nhập mua dịch vụ;</li>
	<li>Chứng từ phải trả kh&aacute;c;</li>
	<li>B&aacute;o c&aacute;o: Bảng k&ecirc; chứng từ, Bảng tổng hợp h&agrave;ng nhập mua,&hellip;</li>
</ul>

<div style="color: rgb(0, 0, 0); font-family: Arial, san-serif; font-size: 15px; text-align: justify;"><em><strong>Kế to&aacute;n Nhập &ndash; Xuất - Tồn kho vật tư v&agrave; h&agrave;ng h&oacute;a:</strong></em></div>

<ul style="color: rgb(0, 0, 0); font-family: Arial, san-serif; font-size: 15px; text-align: justify; margin-left: 40px;">
	<li>Phiếu nhập kho;</li>
	<li>Phiếu xuất kho;</li>
	<li>Phiếu điều chuyển (Chuyển kho nội bộ);</li>
	<li>B&aacute;o c&aacute;o: Bảng k&ecirc; chứng từ, Bảng tổng hợp h&agrave;ng nhập v&agrave; h&agrave;ng xuất,&hellip;</li>
</ul>

<div style="color: rgb(0, 0, 0); font-family: Arial, san-serif; font-size: 15px; text-align: justify;"><em><strong>Kế to&aacute;n t&agrave;i sản cố định (Quản l&yacute; v&agrave; t&iacute;nh khấu hao):</strong></em></div>

<ul style="color: rgb(0, 0, 0); font-family: Arial, san-serif; font-size: 15px; text-align: justify; margin-left: 40px;">
	<li>Khai b&aacute;o thời gian v&agrave; tỷ lệ khấu hao cho từng T&agrave;i sản;</li>
	<li>Chức năng T&iacute;nh/X&oacute;a khấu hao h&agrave;ng th&aacute;ng</li>
	<li>B&aacute;o c&aacute;o: Danh s&aacute;ch t&agrave;i sản t&iacute;nh khấu hao h&agrave;ng th&aacute;ng, B&aacute;o c&aacute;o gi&aacute; trị c&ograve;n lại của T&agrave;i sản, bảng t&iacute;nh khấu hao, bảng ph&acirc;n bổ khấu hao, b&aacute;o c&aacute;o tăng, giảm TSCĐ.</li>
</ul>

<div style="color: rgb(0, 0, 0); font-family: Arial, san-serif; font-size: 15px; text-align: justify;"><em><strong>Kế to&aacute;n chi ph&iacute; vụ việc, khoản mục ph&iacute;&nbsp;&nbsp;</strong></em></div>

<ul style="color: rgb(0, 0, 0); font-family: Arial, san-serif; font-size: 15px; text-align: justify; margin-left: 40px;">
	<li>Bảng k&ecirc; chứng từ theo khoản mục ph&iacute;</li>
	<li>Bảng k&ecirc; chứng từ theo vụ việc hợp đồng</li>
	<li>B&aacute;o c&aacute;o tổng hợp vụ việc hợp đồng</li>
	<li>B&aacute;o c&aacute;o khoản mục ph&iacute; theo t&agrave;i khoản.&nbsp;</li>
</ul>

<div style="color: rgb(0, 0, 0); font-family: Arial, san-serif; font-size: 15px; text-align: justify;"><em><strong>Kế to&aacute;n tổng hợp v&agrave; lập c&aacute;c b&aacute;o c&aacute;o t&agrave;i ch&iacute;nh:</strong></em></div>

<ul style="color: rgb(0, 0, 0); font-family: Arial, san-serif; font-size: 15px; text-align: justify; margin-left: 40px;">
	<li>B&uacute;t to&aacute;n kết chuyển tự động (Kết chuyển Doanh thu, Chi ph&iacute; v&agrave; L&atilde;i/Lỗ);</li>
	<li>Kết chuyển số dư sang th&aacute;ng sau v&agrave; kho&aacute; sổ cuối th&aacute;ng;</li>
	<li>Phiếu kế to&aacute;n kh&aacute;c;</li>
	<li>B&aacute;o c&aacute;o sổ s&aacute;ch kế to&aacute;n theo h&igrave;nh thức nhật k&yacute; chung.&nbsp;</li>
	<li>B&aacute;o c&aacute;o t&agrave;i ch&iacute;nh theo Th&ocirc;ng tư số: 107/2017/TT-BTC của Bộ T&agrave;i ch&iacute;nh ng&agrave;y 10/10/2017.</li>
</ul>

<div style="color: rgb(0, 0, 0); font-family: Arial, san-serif; font-size: 15px; text-align: justify;"><em><strong>Kế to&aacute;n thuế GTGT theo th&ocirc;ng tư 28/2011 của TC Thuế Việt Nam.</strong></em></div>

<ul style="color: rgb(0, 0, 0); font-family: Arial, san-serif; font-size: 15px; text-align: justify; margin-left: 40px;">
	<li>Bảng k&ecirc; thuế GTGT mua v&agrave;o</li>
	<li>Bảng k&ecirc; thuế GTGT b&aacute;n ra</li>
	<li>Tự động truyền số liệu b&aacute;o c&aacute;o thuế GTGT đầu v&agrave;o, đầu ra sang chương tr&igrave;nh HTKK 3.xx của Tổng cục thuế Việt Nam.</li>
</ul>

<div style="color: rgb(0, 0, 0); font-family: Arial, san-serif; font-size: 15px; text-align: justify;"><em><strong>Quản l&yacute; v&agrave; ph&acirc;n quyền người sử dụng phần mềm&nbsp;</strong></em></div>

<ul style="color: rgb(0, 0, 0); font-family: Arial, san-serif; font-size: 15px; text-align: justify; margin-left: 40px;">
	<li>Tạo danh s&aacute;ch người sử dụng phần mềm</li>
	<li>Cho ph&eacute;p in th&ocirc;ng tin một chứng từ (Người lập phiếu + Thời điểm; Người chỉnh sửa + Thời điểm chỉnh sửa )</li>
</ul>
', NULL, N'Phần mềm kế toán HCSN SmartSoft Ad(09Q19)', NULL, N'thanhphatloc@ymail.com', NULL, CAST(N'2018-05-08T23:04:19.000' AS DateTime), 1)
SET IDENTITY_INSERT [dbo].[Product] OFF
SET IDENTITY_INSERT [dbo].[RegisterUse] ON 

INSERT [dbo].[RegisterUse] ([RegisterUseID], [ProductID], [FullName], [Email], [Phone], [ViewStatus], [CreatedAt]) VALUES (3, 4, N'Phạm Thị Hồng Vân', N'hongvanrico@gmail.com', N'0898566588', 0, CAST(N'2018-05-17T14:51:04.200' AS DateTime))
INSERT [dbo].[RegisterUse] ([RegisterUseID], [ProductID], [FullName], [Email], [Phone], [ViewStatus], [CreatedAt]) VALUES (4, 4, N'Phạm Thị Hồng Vân', N'hongvanrico@gmail.com', N'0898566588', 0, CAST(N'2018-05-18T10:38:18.273' AS DateTime))
INSERT [dbo].[RegisterUse] ([RegisterUseID], [ProductID], [FullName], [Email], [Phone], [ViewStatus], [CreatedAt]) VALUES (5, 3, N'tuấn', N'jingjunbaby315@gmail.com', N'0987338381', 0, CAST(N'2018-05-25T09:51:58.410' AS DateTime))
INSERT [dbo].[RegisterUse] ([RegisterUseID], [ProductID], [FullName], [Email], [Phone], [ViewStatus], [CreatedAt]) VALUES (6, 4, N'Đào Trịnh Vinh', N'susongmoimaison@yahoo.com.vn', N'0974864625', 0, CAST(N'2018-05-25T18:44:16.573' AS DateTime))
INSERT [dbo].[RegisterUse] ([RegisterUseID], [ProductID], [FullName], [Email], [Phone], [ViewStatus], [CreatedAt]) VALUES (7, 1, N'Manh Nguyen Viet', N'manhnv83@gmail.com', N'0982411958', 0, CAST(N'2018-05-28T23:51:48.000' AS DateTime))
INSERT [dbo].[RegisterUse] ([RegisterUseID], [ProductID], [FullName], [Email], [Phone], [ViewStatus], [CreatedAt]) VALUES (8, 4, N'Liên', N'liennhi06@gmail.com', N'0985279692', 0, CAST(N'2018-07-10T09:21:07.107' AS DateTime))
SET IDENTITY_INSERT [dbo].[RegisterUse] OFF
SET IDENTITY_INSERT [dbo].[Slide] ON 

INSERT [dbo].[Slide] ([SliderID], [SortID], [SliderName], [SliderName2], [Description], [Images], [URL], [OptionSelect], [Status]) VALUES (1, 1, N'GIẢI PHÁP KẾ TOÁN', N'CỦA CHÚNG TÔI', N'Giải quyết công việc một cách nhanh chóng thuận tiện nhất', N'/Upload/Images/home_1_slider_img_1.jpg', N'#', 1, 1)
INSERT [dbo].[Slide] ([SliderID], [SortID], [SliderName], [SliderName2], [Description], [Images], [URL], [OptionSelect], [Status]) VALUES (3, 1, NULL, NULL, NULL, N'/Upload/Images/135x85_crop_brand.jpg', N'#', 2, 1)
INSERT [dbo].[Slide] ([SliderID], [SortID], [SliderName], [SliderName2], [Description], [Images], [URL], [OptionSelect], [Status]) VALUES (4, 2, NULL, NULL, NULL, N'/Upload/Images/135x85_crop_brand1.jpg', N'#', 2, 1)
INSERT [dbo].[Slide] ([SliderID], [SortID], [SliderName], [SliderName2], [Description], [Images], [URL], [OptionSelect], [Status]) VALUES (5, 3, NULL, NULL, NULL, N'/Upload/Images/135x85_crop_brand2.jpg', N'#', 2, 1)
INSERT [dbo].[Slide] ([SliderID], [SortID], [SliderName], [SliderName2], [Description], [Images], [URL], [OptionSelect], [Status]) VALUES (6, 4, NULL, NULL, NULL, N'/Upload/Images/135x85_crop_brand3 (1).jpg', NULL, 2, 1)
INSERT [dbo].[Slide] ([SliderID], [SortID], [SliderName], [SliderName2], [Description], [Images], [URL], [OptionSelect], [Status]) VALUES (7, 5, NULL, NULL, NULL, N'/Upload/Images/135x85_crop_brand4.jpg', NULL, 2, 1)
INSERT [dbo].[Slide] ([SliderID], [SortID], [SliderName], [SliderName2], [Description], [Images], [URL], [OptionSelect], [Status]) VALUES (8, 6, NULL, NULL, NULL, N'/Upload/Images/135x85_crop_brand6 (1).jpg', NULL, 2, 1)
INSERT [dbo].[Slide] ([SliderID], [SortID], [SliderName], [SliderName2], [Description], [Images], [URL], [OptionSelect], [Status]) VALUES (9, 7, NULL, NULL, NULL, N'/Upload/Images/135x85_crop_brand7.jpg', NULL, 2, 1)
INSERT [dbo].[Slide] ([SliderID], [SortID], [SliderName], [SliderName2], [Description], [Images], [URL], [OptionSelect], [Status]) VALUES (10, 2, N'CHỌN LỰA THÔNG THÁI', N'CỦA BẠN', N'Đem lại hiệu quả và phát triển bền vững!', N'/Upload/Images/home_1_slider_img_2.jpg', NULL, 1, 1)
INSERT [dbo].[Slide] ([SliderID], [SortID], [SliderName], [SliderName2], [Description], [Images], [URL], [OptionSelect], [Status]) VALUES (11, 3, NULL, NULL, NULL, N'/Upload/Images/home_3_slider_img_3.jpg', NULL, 1, 1)
SET IDENTITY_INSERT [dbo].[Slide] OFF
SET IDENTITY_INSERT [dbo].[User] ON 

INSERT [dbo].[User] ([UserID], [Username], [Password], [Fullname], [Image], [Email], [Address], [Phone], [CreatedAt], [Status]) VALUES (2, N'Admin', N'e26ad5176df749e3a78495cc6136e84c', N'Nguyễn Viết Mạnh', N'/Upload/Default/man-avatar.jpg', N'manhnv83@gmail.com', N'Linh Đàm, Hoàng Mai, Hà Nội', N'0982411958', NULL, 1)
INSERT [dbo].[User] ([UserID], [Username], [Password], [Fullname], [Image], [Email], [Address], [Phone], [CreatedAt], [Status]) VALUES (5, N'Thanhln2002@gmail.com', N'e26ad5176df749e3a78495cc6136e84c', N'Lê Ngọc Thành', N'/Upload/Images/Thanhln_Plus.jpg', N'thanhln2002@gmail.com', N'564 Bạch Đằng, Hai Bà Trưng, Hà Nội', N'0989992498', CAST(N'2018-05-09T14:55:40.610' AS DateTime), 1)
SET IDENTITY_INSERT [dbo].[User] OFF
INSERT [dbo].[UserBusiness] ([BusinessID], [BusinessName]) VALUES (N'ArticlesController', N'Quản lý bài viết')
INSERT [dbo].[UserBusiness] ([BusinessID], [BusinessName]) VALUES (N'BlogsController', N'Quản lý nhóm bài viết')
INSERT [dbo].[UserBusiness] ([BusinessID], [BusinessName]) VALUES (N'CategoriesController', N'Quản lý nhóm sản phẩm')
INSERT [dbo].[UserBusiness] ([BusinessID], [BusinessName]) VALUES (N'ConfiguresController', N'Quản lý cấu hình')
INSERT [dbo].[UserBusiness] ([BusinessID], [BusinessName]) VALUES (N'ContactsController', N'Quản lý thư liên hệ')
INSERT [dbo].[UserBusiness] ([BusinessID], [BusinessName]) VALUES (N'CustomersController', N'Quản lý khách hàng')
INSERT [dbo].[UserBusiness] ([BusinessID], [BusinessName]) VALUES (N'ErrorController', N'Trang lỗi')
INSERT [dbo].[UserBusiness] ([BusinessID], [BusinessName]) VALUES (N'HomeController', N'Quản lý trang home')
INSERT [dbo].[UserBusiness] ([BusinessID], [BusinessName]) VALUES (N'HomesController', N'Quản lý trang chủ')
INSERT [dbo].[UserBusiness] ([BusinessID], [BusinessName]) VALUES (N'LoginController', N'Trang đăng nhập')
INSERT [dbo].[UserBusiness] ([BusinessID], [BusinessName]) VALUES (N'MenuNavigationsController', N'Quản lý menu')
INSERT [dbo].[UserBusiness] ([BusinessID], [BusinessName]) VALUES (N'ProductsController', N'Quản lý sản phẩm')
INSERT [dbo].[UserBusiness] ([BusinessID], [BusinessName]) VALUES (N'RegisterUsesController', N'Quản lý thư đăng ký sử dụng')
INSERT [dbo].[UserBusiness] ([BusinessID], [BusinessName]) VALUES (N'SlidesController', N'Quản lý Slider')
INSERT [dbo].[UserBusiness] ([BusinessID], [BusinessName]) VALUES (N'UserBusinessesController', N'Quản lý nghiệp vụ phân quyền')
INSERT [dbo].[UserBusiness] ([BusinessID], [BusinessName]) VALUES (N'UserPermissionsController', N'Quản lý danh sách các quyền')
INSERT [dbo].[UserBusiness] ([BusinessID], [BusinessName]) VALUES (N'UsersController', N'Quản lý người dùng')
INSERT [dbo].[UserGrantPermission] ([PermissionID], [UserID], [Description]) VALUES (1, 2, N'Được Cấp Quyền')
INSERT [dbo].[UserGrantPermission] ([PermissionID], [UserID], [Description]) VALUES (2, 2, N'Được Cấp Quyền')
INSERT [dbo].[UserGrantPermission] ([PermissionID], [UserID], [Description]) VALUES (3, 2, N'Được Cấp Quyền')
INSERT [dbo].[UserGrantPermission] ([PermissionID], [UserID], [Description]) VALUES (4, 2, N'Được Cấp Quyền')
INSERT [dbo].[UserGrantPermission] ([PermissionID], [UserID], [Description]) VALUES (5, 2, N'Được Cấp Quyền')
INSERT [dbo].[UserGrantPermission] ([PermissionID], [UserID], [Description]) VALUES (6, 2, N'Được Cấp Quyền')
INSERT [dbo].[UserGrantPermission] ([PermissionID], [UserID], [Description]) VALUES (7, 2, N'Được Cấp Quyền')
INSERT [dbo].[UserGrantPermission] ([PermissionID], [UserID], [Description]) VALUES (8, 2, N'Được Cấp Quyền')
INSERT [dbo].[UserGrantPermission] ([PermissionID], [UserID], [Description]) VALUES (9, 2, N'Được Cấp Quyền')
INSERT [dbo].[UserGrantPermission] ([PermissionID], [UserID], [Description]) VALUES (10, 2, N'Được Cấp Quyền')
INSERT [dbo].[UserGrantPermission] ([PermissionID], [UserID], [Description]) VALUES (11, 2, N'Được Cấp Quyền')
INSERT [dbo].[UserGrantPermission] ([PermissionID], [UserID], [Description]) VALUES (12, 2, N'Được Cấp Quyền')
INSERT [dbo].[UserGrantPermission] ([PermissionID], [UserID], [Description]) VALUES (13, 2, N'Được Cấp Quyền')
INSERT [dbo].[UserGrantPermission] ([PermissionID], [UserID], [Description]) VALUES (14, 2, N'Được Cấp Quyền')
INSERT [dbo].[UserGrantPermission] ([PermissionID], [UserID], [Description]) VALUES (15, 2, N'Được Cấp Quyền')
INSERT [dbo].[UserGrantPermission] ([PermissionID], [UserID], [Description]) VALUES (16, 2, N'Được Cấp Quyền')
INSERT [dbo].[UserGrantPermission] ([PermissionID], [UserID], [Description]) VALUES (17, 2, N'Được Cấp Quyền')
INSERT [dbo].[UserGrantPermission] ([PermissionID], [UserID], [Description]) VALUES (18, 2, N'Được Cấp Quyền')
INSERT [dbo].[UserGrantPermission] ([PermissionID], [UserID], [Description]) VALUES (19, 2, N'Được Cấp Quyền')
INSERT [dbo].[UserGrantPermission] ([PermissionID], [UserID], [Description]) VALUES (20, 2, N'Được Cấp Quyền')
INSERT [dbo].[UserGrantPermission] ([PermissionID], [UserID], [Description]) VALUES (21, 2, N'Được Cấp Quyền')
INSERT [dbo].[UserGrantPermission] ([PermissionID], [UserID], [Description]) VALUES (22, 2, N'Được Cấp Quyền')
INSERT [dbo].[UserGrantPermission] ([PermissionID], [UserID], [Description]) VALUES (23, 2, N'Được Cấp Quyền')
INSERT [dbo].[UserGrantPermission] ([PermissionID], [UserID], [Description]) VALUES (24, 2, N'Được Cấp Quyền')
INSERT [dbo].[UserGrantPermission] ([PermissionID], [UserID], [Description]) VALUES (25, 2, N'Được Cấp Quyền')
INSERT [dbo].[UserGrantPermission] ([PermissionID], [UserID], [Description]) VALUES (26, 2, N'Được Cấp Quyền')
INSERT [dbo].[UserGrantPermission] ([PermissionID], [UserID], [Description]) VALUES (27, 2, N'Được Cấp Quyền')
INSERT [dbo].[UserGrantPermission] ([PermissionID], [UserID], [Description]) VALUES (28, 2, N'Được Cấp Quyền')
INSERT [dbo].[UserGrantPermission] ([PermissionID], [UserID], [Description]) VALUES (29, 2, N'Được Cấp Quyền')
INSERT [dbo].[UserGrantPermission] ([PermissionID], [UserID], [Description]) VALUES (30, 2, N'Được Cấp Quyền')
INSERT [dbo].[UserGrantPermission] ([PermissionID], [UserID], [Description]) VALUES (31, 2, N'Được Cấp Quyền')
INSERT [dbo].[UserGrantPermission] ([PermissionID], [UserID], [Description]) VALUES (31, 5, N'Được Cấp Quyền')
INSERT [dbo].[UserGrantPermission] ([PermissionID], [UserID], [Description]) VALUES (32, 2, N'Được Cấp Quyền')
INSERT [dbo].[UserGrantPermission] ([PermissionID], [UserID], [Description]) VALUES (32, 5, N'Được Cấp Quyền')
INSERT [dbo].[UserGrantPermission] ([PermissionID], [UserID], [Description]) VALUES (33, 2, N'Được Cấp Quyền')
INSERT [dbo].[UserGrantPermission] ([PermissionID], [UserID], [Description]) VALUES (33, 5, N'Được Cấp Quyền')
INSERT [dbo].[UserGrantPermission] ([PermissionID], [UserID], [Description]) VALUES (34, 2, N'Được Cấp Quyền')
INSERT [dbo].[UserGrantPermission] ([PermissionID], [UserID], [Description]) VALUES (34, 5, N'Được Cấp Quyền')
INSERT [dbo].[UserGrantPermission] ([PermissionID], [UserID], [Description]) VALUES (35, 2, N'Được Cấp Quyền')
INSERT [dbo].[UserGrantPermission] ([PermissionID], [UserID], [Description]) VALUES (35, 5, N'Được Cấp Quyền')
INSERT [dbo].[UserGrantPermission] ([PermissionID], [UserID], [Description]) VALUES (36, 2, N'Được Cấp Quyền')
INSERT [dbo].[UserGrantPermission] ([PermissionID], [UserID], [Description]) VALUES (36, 5, N'Được Cấp Quyền')
INSERT [dbo].[UserGrantPermission] ([PermissionID], [UserID], [Description]) VALUES (37, 2, N'Được Cấp Quyền')
INSERT [dbo].[UserGrantPermission] ([PermissionID], [UserID], [Description]) VALUES (38, 2, N'Được Cấp Quyền')
INSERT [dbo].[UserGrantPermission] ([PermissionID], [UserID], [Description]) VALUES (39, 2, N'Được Cấp Quyền')
INSERT [dbo].[UserGrantPermission] ([PermissionID], [UserID], [Description]) VALUES (39, 5, N'Được Cấp Quyền')
INSERT [dbo].[UserGrantPermission] ([PermissionID], [UserID], [Description]) VALUES (40, 2, N'Được Cấp Quyền')
INSERT [dbo].[UserGrantPermission] ([PermissionID], [UserID], [Description]) VALUES (40, 5, N'Được Cấp Quyền')
INSERT [dbo].[UserGrantPermission] ([PermissionID], [UserID], [Description]) VALUES (41, 2, N'Được Cấp Quyền')
INSERT [dbo].[UserGrantPermission] ([PermissionID], [UserID], [Description]) VALUES (41, 5, N'Được Cấp Quyền')
INSERT [dbo].[UserGrantPermission] ([PermissionID], [UserID], [Description]) VALUES (42, 2, N'Được Cấp Quyền')
INSERT [dbo].[UserGrantPermission] ([PermissionID], [UserID], [Description]) VALUES (42, 5, N'Được Cấp Quyền')
INSERT [dbo].[UserGrantPermission] ([PermissionID], [UserID], [Description]) VALUES (43, 2, N'Được Cấp Quyền')
INSERT [dbo].[UserGrantPermission] ([PermissionID], [UserID], [Description]) VALUES (43, 5, N'Được Cấp Quyền')
INSERT [dbo].[UserGrantPermission] ([PermissionID], [UserID], [Description]) VALUES (44, 2, N'Được Cấp Quyền')
INSERT [dbo].[UserGrantPermission] ([PermissionID], [UserID], [Description]) VALUES (44, 5, N'Được Cấp Quyền')
INSERT [dbo].[UserGrantPermission] ([PermissionID], [UserID], [Description]) VALUES (45, 2, N'Được Cấp Quyền')
INSERT [dbo].[UserGrantPermission] ([PermissionID], [UserID], [Description]) VALUES (45, 5, N'Được Cấp Quyền')
INSERT [dbo].[UserGrantPermission] ([PermissionID], [UserID], [Description]) VALUES (46, 2, N'Được Cấp Quyền')
INSERT [dbo].[UserGrantPermission] ([PermissionID], [UserID], [Description]) VALUES (46, 5, N'Được Cấp Quyền')
INSERT [dbo].[UserGrantPermission] ([PermissionID], [UserID], [Description]) VALUES (47, 2, N'Được Cấp Quyền')
INSERT [dbo].[UserGrantPermission] ([PermissionID], [UserID], [Description]) VALUES (48, 2, N'Được Cấp Quyền')
INSERT [dbo].[UserGrantPermission] ([PermissionID], [UserID], [Description]) VALUES (49, 2, N'Được Cấp Quyền')
INSERT [dbo].[UserGrantPermission] ([PermissionID], [UserID], [Description]) VALUES (50, 2, N'Được Cấp Quyền')
INSERT [dbo].[UserGrantPermission] ([PermissionID], [UserID], [Description]) VALUES (51, 2, N'Được Cấp Quyền')
INSERT [dbo].[UserGrantPermission] ([PermissionID], [UserID], [Description]) VALUES (52, 2, N'Được Cấp Quyền')
INSERT [dbo].[UserGrantPermission] ([PermissionID], [UserID], [Description]) VALUES (53, 2, N'Được Cấp Quyền')
INSERT [dbo].[UserGrantPermission] ([PermissionID], [UserID], [Description]) VALUES (53, 5, N'Được Cấp Quyền')
INSERT [dbo].[UserGrantPermission] ([PermissionID], [UserID], [Description]) VALUES (54, 2, N'Được Cấp Quyền')
INSERT [dbo].[UserGrantPermission] ([PermissionID], [UserID], [Description]) VALUES (55, 2, N'Được Cấp Quyền')
INSERT [dbo].[UserGrantPermission] ([PermissionID], [UserID], [Description]) VALUES (56, 2, N'Được Cấp Quyền')
INSERT [dbo].[UserGrantPermission] ([PermissionID], [UserID], [Description]) VALUES (56, 5, N'Được Cấp Quyền')
INSERT [dbo].[UserGrantPermission] ([PermissionID], [UserID], [Description]) VALUES (57, 2, N'Được Cấp Quyền')
INSERT [dbo].[UserGrantPermission] ([PermissionID], [UserID], [Description]) VALUES (57, 5, N'Được Cấp Quyền')
INSERT [dbo].[UserGrantPermission] ([PermissionID], [UserID], [Description]) VALUES (58, 2, N'Được Cấp Quyền')
INSERT [dbo].[UserGrantPermission] ([PermissionID], [UserID], [Description]) VALUES (58, 5, N'Được Cấp Quyền')
INSERT [dbo].[UserGrantPermission] ([PermissionID], [UserID], [Description]) VALUES (59, 2, N'Được Cấp Quyền')
INSERT [dbo].[UserGrantPermission] ([PermissionID], [UserID], [Description]) VALUES (59, 5, N'Được Cấp Quyền')
INSERT [dbo].[UserGrantPermission] ([PermissionID], [UserID], [Description]) VALUES (60, 2, N'Được Cấp Quyền')
INSERT [dbo].[UserGrantPermission] ([PermissionID], [UserID], [Description]) VALUES (60, 5, N'Được Cấp Quyền')
INSERT [dbo].[UserGrantPermission] ([PermissionID], [UserID], [Description]) VALUES (61, 2, N'Được Cấp Quyền')
INSERT [dbo].[UserGrantPermission] ([PermissionID], [UserID], [Description]) VALUES (61, 5, N'Được Cấp Quyền')
INSERT [dbo].[UserGrantPermission] ([PermissionID], [UserID], [Description]) VALUES (62, 2, N'Được Cấp Quyền')
INSERT [dbo].[UserGrantPermission] ([PermissionID], [UserID], [Description]) VALUES (62, 5, N'Được Cấp Quyền')
INSERT [dbo].[UserGrantPermission] ([PermissionID], [UserID], [Description]) VALUES (63, 2, N'Được Cấp Quyền')
INSERT [dbo].[UserGrantPermission] ([PermissionID], [UserID], [Description]) VALUES (63, 5, N'Được Cấp Quyền')
INSERT [dbo].[UserGrantPermission] ([PermissionID], [UserID], [Description]) VALUES (64, 2, N'Được Cấp Quyền')
INSERT [dbo].[UserGrantPermission] ([PermissionID], [UserID], [Description]) VALUES (64, 5, N'Được Cấp Quyền')
INSERT [dbo].[UserGrantPermission] ([PermissionID], [UserID], [Description]) VALUES (65, 2, N'Được Cấp Quyền')
INSERT [dbo].[UserGrantPermission] ([PermissionID], [UserID], [Description]) VALUES (65, 5, N'Được Cấp Quyền')
INSERT [dbo].[UserGrantPermission] ([PermissionID], [UserID], [Description]) VALUES (66, 2, N'Được Cấp Quyền')
INSERT [dbo].[UserGrantPermission] ([PermissionID], [UserID], [Description]) VALUES (66, 5, N'Được Cấp Quyền')
INSERT [dbo].[UserGrantPermission] ([PermissionID], [UserID], [Description]) VALUES (67, 2, N'Được Cấp Quyền')
INSERT [dbo].[UserGrantPermission] ([PermissionID], [UserID], [Description]) VALUES (67, 5, N'Được Cấp Quyền')
INSERT [dbo].[UserGrantPermission] ([PermissionID], [UserID], [Description]) VALUES (68, 2, N'Được Cấp Quyền')
INSERT [dbo].[UserGrantPermission] ([PermissionID], [UserID], [Description]) VALUES (68, 5, N'Được Cấp Quyền')
INSERT [dbo].[UserGrantPermission] ([PermissionID], [UserID], [Description]) VALUES (69, 2, N'Được Cấp Quyền')
INSERT [dbo].[UserGrantPermission] ([PermissionID], [UserID], [Description]) VALUES (69, 5, N'Được Cấp Quyền')
INSERT [dbo].[UserGrantPermission] ([PermissionID], [UserID], [Description]) VALUES (70, 2, N'Được Cấp Quyền')
INSERT [dbo].[UserGrantPermission] ([PermissionID], [UserID], [Description]) VALUES (70, 5, N'Được Cấp Quyền')
GO
INSERT [dbo].[UserGrantPermission] ([PermissionID], [UserID], [Description]) VALUES (71, 2, N'Được Cấp Quyền')
INSERT [dbo].[UserGrantPermission] ([PermissionID], [UserID], [Description]) VALUES (71, 5, N'Được Cấp Quyền')
INSERT [dbo].[UserGrantPermission] ([PermissionID], [UserID], [Description]) VALUES (72, 2, N'Được Cấp Quyền')
INSERT [dbo].[UserGrantPermission] ([PermissionID], [UserID], [Description]) VALUES (72, 5, N'Được Cấp Quyền')
INSERT [dbo].[UserGrantPermission] ([PermissionID], [UserID], [Description]) VALUES (73, 2, N'Được Cấp Quyền')
INSERT [dbo].[UserGrantPermission] ([PermissionID], [UserID], [Description]) VALUES (73, 5, N'Được Cấp Quyền')
INSERT [dbo].[UserGrantPermission] ([PermissionID], [UserID], [Description]) VALUES (74, 2, N'Được Cấp Quyền')
INSERT [dbo].[UserGrantPermission] ([PermissionID], [UserID], [Description]) VALUES (74, 5, N'Được Cấp Quyền')
INSERT [dbo].[UserGrantPermission] ([PermissionID], [UserID], [Description]) VALUES (75, 2, N'Được Cấp Quyền')
INSERT [dbo].[UserGrantPermission] ([PermissionID], [UserID], [Description]) VALUES (75, 5, N'Được Cấp Quyền')
INSERT [dbo].[UserGrantPermission] ([PermissionID], [UserID], [Description]) VALUES (76, 2, N'Được Cấp Quyền')
INSERT [dbo].[UserGrantPermission] ([PermissionID], [UserID], [Description]) VALUES (76, 5, N'Được Cấp Quyền')
INSERT [dbo].[UserGrantPermission] ([PermissionID], [UserID], [Description]) VALUES (77, 2, N'Được Cấp Quyền')
INSERT [dbo].[UserGrantPermission] ([PermissionID], [UserID], [Description]) VALUES (77, 5, N'Được Cấp Quyền')
INSERT [dbo].[UserGrantPermission] ([PermissionID], [UserID], [Description]) VALUES (78, 2, N'Được Cấp Quyền')
INSERT [dbo].[UserGrantPermission] ([PermissionID], [UserID], [Description]) VALUES (78, 5, N'Được Cấp Quyền')
INSERT [dbo].[UserGrantPermission] ([PermissionID], [UserID], [Description]) VALUES (79, 2, N'Được Cấp Quyền')
INSERT [dbo].[UserGrantPermission] ([PermissionID], [UserID], [Description]) VALUES (79, 5, N'Được Cấp Quyền')
INSERT [dbo].[UserGrantPermission] ([PermissionID], [UserID], [Description]) VALUES (80, 2, N'Được Cấp Quyền')
INSERT [dbo].[UserGrantPermission] ([PermissionID], [UserID], [Description]) VALUES (80, 5, N'Được Cấp Quyền')
INSERT [dbo].[UserGrantPermission] ([PermissionID], [UserID], [Description]) VALUES (81, 2, N'Được Cấp Quyền')
INSERT [dbo].[UserGrantPermission] ([PermissionID], [UserID], [Description]) VALUES (81, 5, N'Được Cấp Quyền')
INSERT [dbo].[UserGrantPermission] ([PermissionID], [UserID], [Description]) VALUES (82, 2, N'Được Cấp Quyền')
INSERT [dbo].[UserGrantPermission] ([PermissionID], [UserID], [Description]) VALUES (82, 5, N'Được Cấp Quyền')
INSERT [dbo].[UserGrantPermission] ([PermissionID], [UserID], [Description]) VALUES (83, 2, N'Được Cấp Quyền')
INSERT [dbo].[UserGrantPermission] ([PermissionID], [UserID], [Description]) VALUES (83, 5, N'Được Cấp Quyền')
INSERT [dbo].[UserGrantPermission] ([PermissionID], [UserID], [Description]) VALUES (84, 2, N'Được Cấp Quyền')
INSERT [dbo].[UserGrantPermission] ([PermissionID], [UserID], [Description]) VALUES (84, 5, N'Được Cấp Quyền')
INSERT [dbo].[UserGrantPermission] ([PermissionID], [UserID], [Description]) VALUES (85, 2, N'Được Cấp Quyền')
INSERT [dbo].[UserGrantPermission] ([PermissionID], [UserID], [Description]) VALUES (85, 5, N'Được Cấp Quyền')
SET IDENTITY_INSERT [dbo].[UserPermission] ON 

INSERT [dbo].[UserPermission] ([PermissionID], [PermissionName], [PermissionDescription], [BusinessID]) VALUES (1, N'ArticlesController-Create', N'Thêm mới bài viết', N'ArticlesController')
INSERT [dbo].[UserPermission] ([PermissionID], [PermissionName], [PermissionDescription], [BusinessID]) VALUES (2, N'ArticlesController-Create', N'Thêm mới bài viết', N'ArticlesController')
INSERT [dbo].[UserPermission] ([PermissionID], [PermissionName], [PermissionDescription], [BusinessID]) VALUES (3, N'ArticlesController-Delete', N'Xoá bài viết', N'ArticlesController')
INSERT [dbo].[UserPermission] ([PermissionID], [PermissionName], [PermissionDescription], [BusinessID]) VALUES (4, N'ArticlesController-Edit', N'Sửa bài viết', N'ArticlesController')
INSERT [dbo].[UserPermission] ([PermissionID], [PermissionName], [PermissionDescription], [BusinessID]) VALUES (5, N'ArticlesController-Edit', N'Sửa bài viết', N'ArticlesController')
INSERT [dbo].[UserPermission] ([PermissionID], [PermissionName], [PermissionDescription], [BusinessID]) VALUES (6, N'ArticlesController-Index', N'Xem danh sách bài viết', N'ArticlesController')
INSERT [dbo].[UserPermission] ([PermissionID], [PermissionName], [PermissionDescription], [BusinessID]) VALUES (7, N'BlogsController-Create', N'Thêm mới nhóm bài viết', N'BlogsController')
INSERT [dbo].[UserPermission] ([PermissionID], [PermissionName], [PermissionDescription], [BusinessID]) VALUES (8, N'BlogsController-Create', N'	Thêm mới nhóm bài viết', N'BlogsController')
INSERT [dbo].[UserPermission] ([PermissionID], [PermissionName], [PermissionDescription], [BusinessID]) VALUES (9, N'BlogsController-Delete', N'Xóa nhóm bài viết', N'BlogsController')
INSERT [dbo].[UserPermission] ([PermissionID], [PermissionName], [PermissionDescription], [BusinessID]) VALUES (10, N'BlogsController-Edit', N'Sửa nhóm bài viết', N'BlogsController')
INSERT [dbo].[UserPermission] ([PermissionID], [PermissionName], [PermissionDescription], [BusinessID]) VALUES (11, N'BlogsController-Edit', N'Sửa nhóm bài viết', N'BlogsController')
INSERT [dbo].[UserPermission] ([PermissionID], [PermissionName], [PermissionDescription], [BusinessID]) VALUES (12, N'BlogsController-Index', N'Xem danh sách bài viết', N'BlogsController')
INSERT [dbo].[UserPermission] ([PermissionID], [PermissionName], [PermissionDescription], [BusinessID]) VALUES (13, N'CategoriesController-Create', N'Thêm mới nhóm sản phẩm', N'CategoriesController')
INSERT [dbo].[UserPermission] ([PermissionID], [PermissionName], [PermissionDescription], [BusinessID]) VALUES (14, N'CategoriesController-Create', N'Thêm mới nhóm sản phẩm', N'CategoriesController')
INSERT [dbo].[UserPermission] ([PermissionID], [PermissionName], [PermissionDescription], [BusinessID]) VALUES (15, N'CategoriesController-Delete', N'Xóa nhóm sản phẩm', N'CategoriesController')
INSERT [dbo].[UserPermission] ([PermissionID], [PermissionName], [PermissionDescription], [BusinessID]) VALUES (16, N'CategoriesController-Edit', N'Sửa nhóm sản phẩm', N'CategoriesController')
INSERT [dbo].[UserPermission] ([PermissionID], [PermissionName], [PermissionDescription], [BusinessID]) VALUES (17, N'CategoriesController-Edit', N'Sửa nhóm sản phẩm', N'CategoriesController')
INSERT [dbo].[UserPermission] ([PermissionID], [PermissionName], [PermissionDescription], [BusinessID]) VALUES (18, N'CategoriesController-Index', N'Xem danh sách nhóm sản phẩm', N'CategoriesController')
INSERT [dbo].[UserPermission] ([PermissionID], [PermissionName], [PermissionDescription], [BusinessID]) VALUES (19, N'ConfiguresController-Edit', N'Chỉnh sửa cấu hình', N'ConfiguresController')
INSERT [dbo].[UserPermission] ([PermissionID], [PermissionName], [PermissionDescription], [BusinessID]) VALUES (20, N'ConfiguresController-Edit', N'Chỉnh sửa cấu hình', N'ConfiguresController')
INSERT [dbo].[UserPermission] ([PermissionID], [PermissionName], [PermissionDescription], [BusinessID]) VALUES (21, N'ContactsController-Delete', N'Xóa thư liên hệ', N'ContactsController')
INSERT [dbo].[UserPermission] ([PermissionID], [PermissionName], [PermissionDescription], [BusinessID]) VALUES (22, N'ContactsController-Details', N'Xem chi tiết thư liên hệ', N'ContactsController')
INSERT [dbo].[UserPermission] ([PermissionID], [PermissionName], [PermissionDescription], [BusinessID]) VALUES (23, N'ContactsController-Index', N'Xem danh sách thư liên hệ', N'ContactsController')
INSERT [dbo].[UserPermission] ([PermissionID], [PermissionName], [PermissionDescription], [BusinessID]) VALUES (24, N'CustomersController-Create', N'Thêm mới khách hàng', N'CustomersController')
INSERT [dbo].[UserPermission] ([PermissionID], [PermissionName], [PermissionDescription], [BusinessID]) VALUES (25, N'CustomersController-Create', N'Thêm mới khách hàng', N'CustomersController')
INSERT [dbo].[UserPermission] ([PermissionID], [PermissionName], [PermissionDescription], [BusinessID]) VALUES (26, N'CustomersController-Delete', N'Xóa khách hàng', N'CustomersController')
INSERT [dbo].[UserPermission] ([PermissionID], [PermissionName], [PermissionDescription], [BusinessID]) VALUES (27, N'CustomersController-DeleteConfirmed', N'	Xóa khách hàng', N'CustomersController')
INSERT [dbo].[UserPermission] ([PermissionID], [PermissionName], [PermissionDescription], [BusinessID]) VALUES (28, N'CustomersController-Edit', N'Sửa khách hàng', N'CustomersController')
INSERT [dbo].[UserPermission] ([PermissionID], [PermissionName], [PermissionDescription], [BusinessID]) VALUES (29, N'CustomersController-Edit', N'Sửa khách hàng', N'CustomersController')
INSERT [dbo].[UserPermission] ([PermissionID], [PermissionName], [PermissionDescription], [BusinessID]) VALUES (30, N'CustomersController-Index', N'Xem danh sách khách hàng', N'CustomersController')
INSERT [dbo].[UserPermission] ([PermissionID], [PermissionName], [PermissionDescription], [BusinessID]) VALUES (31, N'ErrorController-ErrorPage', N'Trang lỗi', N'ErrorController')
INSERT [dbo].[UserPermission] ([PermissionID], [PermissionName], [PermissionDescription], [BusinessID]) VALUES (32, N'HomeController-HomeAuthorPermission', N'Cho phép xem', N'HomeController')
INSERT [dbo].[UserPermission] ([PermissionID], [PermissionName], [PermissionDescription], [BusinessID]) VALUES (33, N'HomeController-Index', N'Xem chi tiết ', N'HomeController')
INSERT [dbo].[UserPermission] ([PermissionID], [PermissionName], [PermissionDescription], [BusinessID]) VALUES (34, N'HomeController-LogoutUser', N'Đăng xuất(mặc định)', N'HomeController')
INSERT [dbo].[UserPermission] ([PermissionID], [PermissionName], [PermissionDescription], [BusinessID]) VALUES (35, N'HomesController-Edit', N'Quản lý trang chủ', N'HomesController')
INSERT [dbo].[UserPermission] ([PermissionID], [PermissionName], [PermissionDescription], [BusinessID]) VALUES (36, N'HomesController-Edit', N'Quản lý trang chủ', N'HomesController')
INSERT [dbo].[UserPermission] ([PermissionID], [PermissionName], [PermissionDescription], [BusinessID]) VALUES (37, N'LoginController-LoginAccount', N'Trang đăng nhập (mặc định)', N'LoginController')
INSERT [dbo].[UserPermission] ([PermissionID], [PermissionName], [PermissionDescription], [BusinessID]) VALUES (38, N'LoginController-LoginAccount', N'Trang đăng nhập (mặc định)', N'LoginController')
INSERT [dbo].[UserPermission] ([PermissionID], [PermissionName], [PermissionDescription], [BusinessID]) VALUES (39, N'MenuNavigationsController-Create', N'Thêm mới menu', N'MenuNavigationsController')
INSERT [dbo].[UserPermission] ([PermissionID], [PermissionName], [PermissionDescription], [BusinessID]) VALUES (40, N'MenuNavigationsController-Create', N'	Thêm mới menu', N'MenuNavigationsController')
INSERT [dbo].[UserPermission] ([PermissionID], [PermissionName], [PermissionDescription], [BusinessID]) VALUES (41, N'MenuNavigationsController-Delete', N'Xóa menu', N'MenuNavigationsController')
INSERT [dbo].[UserPermission] ([PermissionID], [PermissionName], [PermissionDescription], [BusinessID]) VALUES (42, N'MenuNavigationsController-Edit', N'Chỉnh sửa menu', N'MenuNavigationsController')
INSERT [dbo].[UserPermission] ([PermissionID], [PermissionName], [PermissionDescription], [BusinessID]) VALUES (43, N'MenuNavigationsController-Edit', N'Chỉnh sửa menu', N'MenuNavigationsController')
INSERT [dbo].[UserPermission] ([PermissionID], [PermissionName], [PermissionDescription], [BusinessID]) VALUES (44, N'MenuNavigationsController-GetDataBlogs', N'Xem danh sách dữ liệu nhóm bài viết', N'MenuNavigationsController')
INSERT [dbo].[UserPermission] ([PermissionID], [PermissionName], [PermissionDescription], [BusinessID]) VALUES (45, N'MenuNavigationsController-GetDataCategorys', N'Xem danh sách dữ liệu nhóm sản phẩm', N'MenuNavigationsController')
INSERT [dbo].[UserPermission] ([PermissionID], [PermissionName], [PermissionDescription], [BusinessID]) VALUES (46, N'MenuNavigationsController-Index', N'Xem danh sách menu', N'MenuNavigationsController')
INSERT [dbo].[UserPermission] ([PermissionID], [PermissionName], [PermissionDescription], [BusinessID]) VALUES (47, N'ProductsController-Create', N'Thêm mới sản phẩm', N'ProductsController')
INSERT [dbo].[UserPermission] ([PermissionID], [PermissionName], [PermissionDescription], [BusinessID]) VALUES (48, N'ProductsController-Create', N'Thêm mới sản phẩm', N'ProductsController')
INSERT [dbo].[UserPermission] ([PermissionID], [PermissionName], [PermissionDescription], [BusinessID]) VALUES (49, N'ProductsController-Delete', N'Xóa sản phẩm', N'ProductsController')
INSERT [dbo].[UserPermission] ([PermissionID], [PermissionName], [PermissionDescription], [BusinessID]) VALUES (50, N'ProductsController-Edit', N'Chỉnh sửa sản phẩm', N'ProductsController')
INSERT [dbo].[UserPermission] ([PermissionID], [PermissionName], [PermissionDescription], [BusinessID]) VALUES (51, N'ProductsController-Edit', N'Chỉnh sửa sản phẩm', N'ProductsController')
INSERT [dbo].[UserPermission] ([PermissionID], [PermissionName], [PermissionDescription], [BusinessID]) VALUES (52, N'ProductsController-Index', N'Xem danh sách sản phẩm', N'ProductsController')
INSERT [dbo].[UserPermission] ([PermissionID], [PermissionName], [PermissionDescription], [BusinessID]) VALUES (53, N'RegisterUsesController-Delete', N'Xóa thư đăng ký sử dụng', N'RegisterUsesController')
INSERT [dbo].[UserPermission] ([PermissionID], [PermissionName], [PermissionDescription], [BusinessID]) VALUES (54, N'RegisterUsesController-Details', N'Xem chi tiết thư đăng ký sử dụng', N'RegisterUsesController')
INSERT [dbo].[UserPermission] ([PermissionID], [PermissionName], [PermissionDescription], [BusinessID]) VALUES (55, N'RegisterUsesController-Index', N'Xem danh sách thư đăng ký sử dụng', N'RegisterUsesController')
INSERT [dbo].[UserPermission] ([PermissionID], [PermissionName], [PermissionDescription], [BusinessID]) VALUES (56, N'SlidesController-Create', N'Thêm mới slider', N'SlidesController')
INSERT [dbo].[UserPermission] ([PermissionID], [PermissionName], [PermissionDescription], [BusinessID]) VALUES (57, N'SlidesController-Create', N'Thêm mới slider', N'SlidesController')
INSERT [dbo].[UserPermission] ([PermissionID], [PermissionName], [PermissionDescription], [BusinessID]) VALUES (58, N'SlidesController-Delete', N'Xóa slider', N'SlidesController')
INSERT [dbo].[UserPermission] ([PermissionID], [PermissionName], [PermissionDescription], [BusinessID]) VALUES (59, N'SlidesController-Edit', N'Sửa slider ', N'SlidesController')
INSERT [dbo].[UserPermission] ([PermissionID], [PermissionName], [PermissionDescription], [BusinessID]) VALUES (60, N'SlidesController-Edit', N'Sửa slider', N'SlidesController')
INSERT [dbo].[UserPermission] ([PermissionID], [PermissionName], [PermissionDescription], [BusinessID]) VALUES (61, N'SlidesController-Index', N'Xem danh sách slider', N'SlidesController')
INSERT [dbo].[UserPermission] ([PermissionID], [PermissionName], [PermissionDescription], [BusinessID]) VALUES (62, N'UserBusinessesController-Create', N'Thêm mới nghiệp vụ user', N'UserBusinessesController')
INSERT [dbo].[UserPermission] ([PermissionID], [PermissionName], [PermissionDescription], [BusinessID]) VALUES (63, N'UserBusinessesController-Create', N'Thêm mới nghiệp vụ user', N'UserBusinessesController')
INSERT [dbo].[UserPermission] ([PermissionID], [PermissionName], [PermissionDescription], [BusinessID]) VALUES (64, N'UserBusinessesController-Delete', N'Xóa nghiệp vụ user', N'UserBusinessesController')
INSERT [dbo].[UserPermission] ([PermissionID], [PermissionName], [PermissionDescription], [BusinessID]) VALUES (65, N'UserBusinessesController-DeleteConfirmed', N'Xóa nghiệp vụ user', N'UserBusinessesController')
INSERT [dbo].[UserPermission] ([PermissionID], [PermissionName], [PermissionDescription], [BusinessID]) VALUES (66, N'UserBusinessesController-Details', N'Xem chi tiết nghiệp vụ user', N'UserBusinessesController')
INSERT [dbo].[UserPermission] ([PermissionID], [PermissionName], [PermissionDescription], [BusinessID]) VALUES (67, N'UserBusinessesController-Edit', N'Chỉnh sửa nghiệp vụ user', N'UserBusinessesController')
INSERT [dbo].[UserPermission] ([PermissionID], [PermissionName], [PermissionDescription], [BusinessID]) VALUES (68, N'UserBusinessesController-Edit', N'Chỉnh sửa nghiệp vụ user', N'UserBusinessesController')
INSERT [dbo].[UserPermission] ([PermissionID], [PermissionName], [PermissionDescription], [BusinessID]) VALUES (69, N'UserBusinessesController-Index', N'Xem danh sách nghiệp vụ user', N'UserBusinessesController')
INSERT [dbo].[UserPermission] ([PermissionID], [PermissionName], [PermissionDescription], [BusinessID]) VALUES (70, N'UserBusinessesController-UpdateBusiness', N'Cập nhật  nghiệp vụ user', N'UserBusinessesController')
INSERT [dbo].[UserPermission] ([PermissionID], [PermissionName], [PermissionDescription], [BusinessID]) VALUES (71, N'UserPermissionsController-Create', N'Thêm mới quyền user', N'UserPermissionsController')
INSERT [dbo].[UserPermission] ([PermissionID], [PermissionName], [PermissionDescription], [BusinessID]) VALUES (72, N'UserPermissionsController-Create', N'Thêm mới quyền user', N'UserPermissionsController')
INSERT [dbo].[UserPermission] ([PermissionID], [PermissionName], [PermissionDescription], [BusinessID]) VALUES (73, N'UserPermissionsController-Details', N'Xem chi tiết quyền user', N'UserPermissionsController')
INSERT [dbo].[UserPermission] ([PermissionID], [PermissionName], [PermissionDescription], [BusinessID]) VALUES (74, N'UserPermissionsController-Edit', N'Chỉnh sửa quyền user', N'UserPermissionsController')
INSERT [dbo].[UserPermission] ([PermissionID], [PermissionName], [PermissionDescription], [BusinessID]) VALUES (75, N'UserPermissionsController-Edit', N'Chỉnh sửa quyền user', N'UserPermissionsController')
INSERT [dbo].[UserPermission] ([PermissionID], [PermissionName], [PermissionDescription], [BusinessID]) VALUES (76, N'UserPermissionsController-Index', N'Xem danh sách quyền user', N'UserPermissionsController')
INSERT [dbo].[UserPermission] ([PermissionID], [PermissionName], [PermissionDescription], [BusinessID]) VALUES (77, N'UsersController-Create', N'Thêm mới user', N'UsersController')
INSERT [dbo].[UserPermission] ([PermissionID], [PermissionName], [PermissionDescription], [BusinessID]) VALUES (78, N'UsersController-Create', N'Thêm mới user', N'UsersController')
INSERT [dbo].[UserPermission] ([PermissionID], [PermissionName], [PermissionDescription], [BusinessID]) VALUES (79, N'UsersController-Delete', N'Xóa user', N'UsersController')
INSERT [dbo].[UserPermission] ([PermissionID], [PermissionName], [PermissionDescription], [BusinessID]) VALUES (80, N'UsersController-getChangePassword', N'Thay đổi mật khẩu', N'UsersController')
INSERT [dbo].[UserPermission] ([PermissionID], [PermissionName], [PermissionDescription], [BusinessID]) VALUES (81, N'UsersController-getPermissions', N'Xem Quyền', N'UsersController')
INSERT [dbo].[UserPermission] ([PermissionID], [PermissionName], [PermissionDescription], [BusinessID]) VALUES (82, N'UsersController-Index', N'Xem danh sách user', N'UsersController')
INSERT [dbo].[UserPermission] ([PermissionID], [PermissionName], [PermissionDescription], [BusinessID]) VALUES (83, N'UsersController-postChangePassword', N'Thay đổi mật khẩu', N'UsersController')
INSERT [dbo].[UserPermission] ([PermissionID], [PermissionName], [PermissionDescription], [BusinessID]) VALUES (84, N'UsersController-showGrantPermision', N'Cho phép gán quyền ', N'UsersController')
INSERT [dbo].[UserPermission] ([PermissionID], [PermissionName], [PermissionDescription], [BusinessID]) VALUES (85, N'UsersController-updatePermission', N'Cập nhật quyền', N'UsersController')
SET IDENTITY_INSERT [dbo].[UserPermission] OFF
SET ANSI_PADDING ON

GO